use travel_agency;

insert into Currency(Currency_Name, Rate_To_The_Dollar) value ('USD', 1);
insert into Currency(Currency_Name, Rate_To_The_Dollar) value ('EUR', 1.06);
insert into Currency(Currency_Name, Rate_To_The_Dollar) value ('UAH', 0.027);
insert into Currency(Currency_Name, Rate_To_The_Dollar) value ('PLN', 0.23);
insert into Currency(Currency_Name, Rate_To_The_Dollar) value ('AUD', 0.68);
insert into Currency(Currency_Name, Rate_To_The_Dollar) value ('CAD', 0.73);
insert into Currency(Currency_Name, Rate_To_The_Dollar) value ('CHF', 1.07);
insert into Currency(Currency_Name, Rate_To_The_Dollar) value ('GBP', 1.23);
insert into Currency(Currency_Name, Rate_To_The_Dollar) value ('JPY', 0.0073);
insert into Currency(Currency_Name, Rate_To_The_Dollar) value ('INR', 0.012);
insert into Currency(Currency_Name, Rate_To_The_Dollar) value ('CNY', 0.14);
insert into Currency(Currency_Name, Rate_To_The_Dollar) value ('PHP', 0.018);
insert into Currency(Currency_Name, Rate_To_The_Dollar) value ('GEL', 0.38);
insert into Currency(Currency_Name, Rate_To_The_Dollar) value ('MYR', 0.23);
insert into Currency(Currency_Name, Rate_To_The_Dollar) value ('BRL', 0.19);



insert into Country (Country_Name, Currency_Name) value ('USA', 'USD');
insert into Country (Country_Name, Currency_Name) value ('Ukraine', 'UAH');
insert into Country (Country_Name, Currency_Name) value ('Greece', 'EUR');
insert into Country (Country_Name, Currency_Name) value ('Poland', 'PLN');
insert into Country (Country_Name, Currency_Name) value ('Austria', 'EUR');
insert into Country (Country_Name, Currency_Name) value ('Belgium', 'EUR');
insert into Country (Country_Name, Currency_Name) value ('Italy', 'EUR');
insert into Country (Country_Name, Currency_Name) value ('Netherlands', 'EUR');
insert into Country (Country_Name, Currency_Name) value ('Spain', 'EUR');
insert into Country (Country_Name, Currency_Name) value ('Australia', 'AUD');
insert into Country (Country_Name, Currency_Name) value ('Canada','CAD');
insert into Country (Country_Name, Currency_Name) value ('Switzerland', 'CHF');
insert into Country (Country_Name, Currency_Name) value ('Great Britain', 'GBP');
insert into Country (Country_Name, Currency_Name) value ('Japan', 'JPY');
insert into Country (Country_Name, Currency_Name) value ('India', 'INR');
insert into Country (Country_Name, Currency_Name) value ('China', 'CNY');
insert into Country (Country_Name, Currency_Name) value ('Philippines', 'PHP');
insert into Country (Country_Name, Currency_Name) value ('Georgia', 'GEL');
insert into Country (Country_Name, Currency_Name) value ('Malaysia', 'MYR');
insert into Country (Country_Name, Currency_Name) value ('Brazil', 'BRL');


insert into Human_Settlements (Country_Name, Name_Of_Settlement, Climate, Two_Way_Ticket_Price) value ('USA', 'New York',
                'The climate of New York City features a humid subtropical variety, with parts of the city transitioning into a humid continental climate. This gives the city cool, wet winters and hot, humid summers with plentiful rainfall all year round.', 375);
insert into Human_Settlements (Country_Name, Name_Of_Settlement, Climate, Two_Way_Ticket_Price) value ('Ukraine', 'Vorokhta',
                'The Carpathian climate is moderately continental. Winter is mild with lots of snow, spring is rainy, summers not hot, autumn is dry.', 50);
insert into Human_Settlements (Country_Name, Name_Of_Settlement, Climate, Two_Way_Ticket_Price) value ('Greece', 'Athens',
                'In Athens, the capital of Greece, the climate is Mediterranean, with mild, moderately rainy winters and hot, sunny summers.', 98);
insert into Human_Settlements (Country_Name, Name_Of_Settlement, Climate, Two_Way_Ticket_Price) value ('Poland', 'Wroclaw',
                'The climate of Wroclaw is moderately continental, characterized by cold winters, with temperatures around freezing (0 °C or 32 °F), and quite warm summers.', 87);
insert into Human_Settlements (Country_Name, Name_Of_Settlement, Climate, Two_Way_Ticket_Price) value ('Austria', 'Vienna',
                'In Vienna, the summers are warm; the winters are very cold, snowy, and windy; and it is partly cloudy year round.', 110);
insert into Human_Settlements (Country_Name, Name_Of_Settlement, Climate, Two_Way_Ticket_Price) value ('Belgium', 'Antwerp',
                'In Antwerp, a city located in the region of Flanders, in the north of Belgium, the climate is sub-oceanic, humid and rainy, influenced by the Atlantic Ocean: winters are cold but not freezing, while summers are mild or pleasantly warm.', 275);
insert into Human_Settlements (Country_Name, Name_Of_Settlement, Climate, Two_Way_Ticket_Price) value ('Italy', 'Rome',
                'Rome has a Mediterranean climate with cool winters and warm and hot summers.', 120);
insert into Human_Settlements (Country_Name, Name_Of_Settlement, Climate, Two_Way_Ticket_Price) value ('Netherlands', 'Amsterdam',
                'Amsterdam has an oceanic climate, similar to that of Great Britain. The climate in Amsterdam is strongly influenced by the North Sea.', 130);
insert into Human_Settlements (Country_Name, Name_Of_Settlement, Climate, Two_Way_Ticket_Price) value ('Spain', 'Madrid',
                'Madrid''s climate is one of Europe''s healthiest thanks to the fresh mountain air flowing into the city from nearly all sides, but its altitude can also mean significant changes from season to season.', 100);
insert into Human_Settlements (Country_Name, Name_Of_Settlement, Climate, Two_Way_Ticket_Price) value ('Australia', 'Canberra',
                'In Canberra, the summers are warm, the winters are very cold, and it is partly cloudy year round.', 2200);
insert into Human_Settlements (Country_Name, Name_Of_Settlement, Climate, Two_Way_Ticket_Price) value ('Canada', 'Ottawa',
                'In Ottawa, the summers are long, warm, and partly cloudy and the winters are freezing, snowy, and mostly cloudy.', 1100);
insert into Human_Settlements (Country_Name, Name_Of_Settlement, Climate, Two_Way_Ticket_Price) value ('Switzerland', 'Bern',
                'The climate of Bern is moderately continental, with cold winters and warm summers.', 300);
insert into Human_Settlements (Country_Name, Name_Of_Settlement, Climate, Two_Way_Ticket_Price) value ('Great Britain', 'London',
                'London features a humid temperate oceanic climate. This gives the city cool winters and warm to hot summers', 107);
insert into Human_Settlements (Country_Name, Name_Of_Settlement, Climate, Two_Way_Ticket_Price) value ('Japan', 'Tokyo',
                 'In Tokyo, the Japanese capital, the climate is temperate, with fairly mild, sunny winters and hot, humid and rainy summers.', 1390);
insert into Human_Settlements (Country_Name, Name_Of_Settlement, Climate, Two_Way_Ticket_Price) value ('India', 'New Delhi',
                 'In New Delhi, the capital of India, the climate is subtropical, with a very mild and sunny winter, a very hot season from mid-March to mid-June.', 290);
insert into Human_Settlements (Country_Name, Name_Of_Settlement, Climate, Two_Way_Ticket_Price) value ('China', 'Shanghai',
                 'In Shanghai, the summers are hot, oppressive, wet, and mostly cloudy and the winters are very cold, windy, and partly cloudy.', 625);
insert into Human_Settlements (Country_Name, Name_Of_Settlement, Climate, Two_Way_Ticket_Price) value ('Philippines', 'Manila',
                 'The climate of Manila is tropical, hot all year round, with a dry season from January to April and a rainy season from May to December.', 400);
insert into Human_Settlements (Country_Name, Name_Of_Settlement, Climate, Two_Way_Ticket_Price) value ('Georgia', 'Tbilisi',
                 'In Tbilisi, the summers are warm, dry, and mostly clear and the winters are long, very cold, snowy, and partly cloudy.', 140);
insert into Human_Settlements (Country_Name, Name_Of_Settlement, Climate, Two_Way_Ticket_Price) value ('Malaysia', 'Kuala Lumpur',
                 'Throughout the year it is nice and sunny in Kuala Lumpur. The only thing to keep in mind is the high humidity in some periods of the year.', 410);
insert into Human_Settlements (Country_Name, Name_Of_Settlement, Climate, Two_Way_Ticket_Price) value ('Brazil', 'Brasilia',
                 'In Brasília, the wet season is overcast, the dry season is mostly clear, and it is warm year round.', 550);

set global local_infile = true;
load data local infile 'C:/Users/youn1on/Desktop/Labs/3_semester/DB/Lab2/clients.csv'
into table Client
fields terminated by ','
enclosed by '"'
lines terminated by '\n';

insert into Hotel (Hotel_Name, Human_Settlement_ID, Address, Phone_Number) value ('Continental', 1, '56 Highland Rd.', '+14844731457');
insert into Hotel (Hotel_Name, Human_Settlement_ID, Address, Phone_Number) value ('Kazka', 2, 'Pokrovska 152a', '+380935785167');
insert into Hotel (Hotel_Name, Human_Settlement_ID, Address, Phone_Number) value ('Acropolis', 3, 'Tsimiski 102', '+302112347567');
insert into Hotel (Hotel_Name, Human_Settlement_ID, Address, Phone_Number) value ('Dream4You', 4, 'Księcia Witolda 25', '+48450988778');
insert into Hotel (Hotel_Name, Human_Settlement_ID, Address, Phone_Number) value ('Apollo Hotel', 5, 'Apollogasse 32', '+436755880871');
insert into Hotel (Hotel_Name, Human_Settlement_ID, Address, Phone_Number) value ('Sapphire House Antwerp', 6, 'Lange Nieuwstraat 20-24', '+32466904418');
insert into Hotel (Hotel_Name, Human_Settlement_ID, Address, Phone_Number) value ('Hotel Boutique Nazionale', 7, 'Via Nazionale 66', '+3905231715672');
insert into Hotel (Hotel_Name, Human_Settlement_ID, Address, Phone_Number) value ('Eden Hotel', 8, 'Amstel 144', '+31203698115');
insert into Hotel (Hotel_Name, Human_Settlement_ID, Address, Phone_Number) value ('LaNave', 9, 'Cadarso 19', '+34919931149');
insert into Hotel (Hotel_Name, Human_Settlement_ID, Address, Phone_Number) value ('South Gladstone', 10, '83 Toolooa Street', '+61480053306');
insert into Hotel (Hotel_Name, Human_Settlement_ID, Address, Phone_Number) value ('Les Suites Hotel', 11 , '130 Besserer Street', '+17787600967');
insert into Hotel (Hotel_Name, Human_Settlement_ID, Address, Phone_Number) value ('Melarose Feng Shui', 12, 'Greifswalder Str. 199', '+41313920190');
insert into Hotel (Hotel_Name, Human_Settlement_ID, Address, Phone_Number) value ('Leonardo Royal London', 13, '10 Godliman Street', '+442045771201');
insert into Hotel (Hotel_Name, Human_Settlement_ID, Address, Phone_Number) value ('Reimi Mondo', 14, 'Higashi 36-jokita', '+81822456416');
insert into Hotel (Hotel_Name, Human_Settlement_ID, Address, Phone_Number) value ('Paramount Hotel', 15, '21, O/s Shahpur Gate', '+9112345678910');
insert into Hotel (Hotel_Name, Human_Settlement_ID, Address, Phone_Number) value ('Four Seasons Hotel Hangzhou', 16, 'Cheng Du Shuang Liu Dong Sheng Jie Dao 89hao Si Ji Hua Yu 10-1-2', '+865718829');
insert into Hotel (Hotel_Name, Human_Settlement_ID, Address, Phone_Number) value ('Henann Resort Aloha Beach', 17, '48 Alona Beach Rd', '+63385029141');
insert into Hotel (Hotel_Name, Human_Settlement_ID, Address, Phone_Number) value ('Hotel IMERETI', 18, 'agmasheneblis gamziri 95a', '+995325425042');
insert into Hotel (Hotel_Name, Human_Settlement_ID, Address, Phone_Number) value ('Legoland Malaysia Hotel', 19, 'B 46 Lrg Rahim Kajai 14 Taman Tun Dr Ismail', '+601130252602');
insert into Hotel (Hotel_Name, Human_Settlement_ID, Address, Phone_Number) value ('Royal Tulip Brasília Alvorada', 20, 'Rua João das Heras 48', '+5521910364253');

load data local infile 'C:/Users/youn1on/Desktop/Labs/3_semester/DB/Lab2/rooms.csv'
into table Hotel_Room
fields terminated by ',';

load data local infile 'C:/Users/youn1on/Desktop/Labs/3_semester/DB/Lab2/checks.csv'
into table `check`
fields terminated by ','
enclosed by '"'
lines terminated by '\n';

insert into package_tour(check_id, hotel_id, date_of_departure, return_date, number_of_people) VALUE (1,5,'2023-5-7 16:10:00','2023-5-24 17:00:00',4);
insert into package_tour(check_id, hotel_id, date_of_departure, return_date, number_of_people) VALUE (1,19,'2023-5-25 17:0:00','2023-6-9 18:00:00',4);
insert into package_tour(check_id, hotel_id, date_of_departure, return_date, number_of_people) VALUE (1,16,'2023-3-10 2:20:00','2023-3-28 17:00:00',10);
insert into package_tour(check_id, hotel_id, date_of_departure, return_date, number_of_people) VALUE (2,19,'2023-7-25 13:10:00','2023-8-16 7:00:00',2);
insert into package_tour(check_id, hotel_id, date_of_departure, return_date, number_of_people) VALUE (2,16,'2023-11-25 22:10:00','2023-12-12 0:00:00',3);
insert into package_tour(check_id, hotel_id, date_of_departure, return_date, number_of_people) VALUE (3,6,'2023-5-1 23:40:00','2023-5-18 7:00:00',3);
insert into package_tour(check_id, hotel_id, date_of_departure, return_date, number_of_people) VALUE (3,11,'2023-4-8 17:30:00','2023-4-16 14:00:00',2);
insert into package_tour(check_id, hotel_id, date_of_departure, return_date, number_of_people) VALUE (3,11,'2023-12-12 16:20:00','2023-12-21 8:00:00',16);
insert into package_tour(check_id, hotel_id, date_of_departure, return_date, number_of_people) VALUE (4,9,'2023-1-10 17:30:00','2023-1-20 18:00:00',6);
insert into package_tour(check_id, hotel_id, date_of_departure, return_date, number_of_people) VALUE (4,5,'2023-4-28 3:30:00','2023-5-9 14:00:00',5);
insert into package_tour(check_id, hotel_id, date_of_departure, return_date, number_of_people) VALUE (4,3,'2023-8-2 15:0:00','2023-8-11 21:00:00',1);
insert into package_tour(check_id, hotel_id, date_of_departure, return_date, number_of_people) VALUE (5,10,'2023-3-27 22:40:00','2023-4-6 7:00:00',2);
insert into package_tour(check_id, hotel_id, date_of_departure, return_date, number_of_people) VALUE (5,20,'2023-1-18 7:40:00','2023-2-8 2:00:00',3);
insert into package_tour(check_id, hotel_id, date_of_departure, return_date, number_of_people) VALUE (5,1,'2023-10-27 20:20:00','2023-11-4 16:00:00',8);
insert into package_tour(check_id, hotel_id, date_of_departure, return_date, number_of_people) VALUE (6,2,'2023-12-4 1:50:00','2023-12-7 14:00:00',2);
insert into package_tour(check_id, hotel_id, date_of_departure, return_date, number_of_people) VALUE (6,10,'2023-9-13 10:30:00','2023-9-15 16:00:00',2);
insert into package_tour(check_id, hotel_id, date_of_departure, return_date, number_of_people) VALUE (7,14,'2023-7-24 20:50:00','2023-8-10 7:00:00',1);
insert into package_tour(check_id, hotel_id, date_of_departure, return_date, number_of_people) VALUE (7,6,'2023-4-6 3:20:00','2023-4-19 3:00:00',2);
insert into package_tour(check_id, hotel_id, date_of_departure, return_date, number_of_people) VALUE (8,1,'2023-1-11 0:50:00','2023-2-4 7:00:00',2);
insert into package_tour(check_id, hotel_id, date_of_departure, return_date, number_of_people) VALUE (8,3,'2023-1-17 14:40:00','2023-2-2 21:00:00',6);
insert into package_tour(check_id, hotel_id, date_of_departure, return_date, number_of_people) VALUE (9,19,'2023-5-9 2:20:00','2023-5-25 18:00:00',2);
insert into package_tour(check_id, hotel_id, date_of_departure, return_date, number_of_people) VALUE (9,15,'2023-11-3 10:30:00','2023-11-20 19:00:00',16);
insert into package_tour(check_id, hotel_id, date_of_departure, return_date, number_of_people) VALUE (9,16,'2023-4-25 23:40:00','2023-5-3 17:00:00',4);
insert into package_tour(check_id, hotel_id, date_of_departure, return_date, number_of_people) VALUE (10,17,'2023-7-3 16:30:00','2023-7-9 19:00:00',4);
insert into package_tour(check_id, hotel_id, date_of_departure, return_date, number_of_people) VALUE (10,5,'2023-3-28 0:10:00','2023-4-5 7:00:00',3);
insert into package_tour(check_id, hotel_id, date_of_departure, return_date, number_of_people) VALUE (11,11,'2023-8-16 22:50:00','2023-8-21 10:00:00',25);
insert into package_tour(check_id, hotel_id, date_of_departure, return_date, number_of_people) VALUE (12,6,'2023-8-3 13:10:00','2023-8-20 18:00:00',2);
insert into package_tour(check_id, hotel_id, date_of_departure, return_date, number_of_people) VALUE (12,18,'2023-1-11 6:10:00','2023-1-13 18:00:00',2);
insert into package_tour(check_id, hotel_id, date_of_departure, return_date, number_of_people) VALUE (13,8,'2023-12-25 1:50:00','2024-1-4 6:00:00',4);
insert into package_tour(check_id, hotel_id, date_of_departure, return_date, number_of_people) VALUE (13,16,'2023-1-19 4:10:00','2023-1-24 9:00:00',16);
insert into package_tour(check_id, hotel_id, date_of_departure, return_date, number_of_people) VALUE (14,4,'2023-12-19 22:20:00','2024-1-6 12:00:00',3);
insert into package_tour(check_id, hotel_id, date_of_departure, return_date, number_of_people) VALUE (14,12,'2023-11-26 11:40:00','2023-12-1 23:00:00',7);
insert into package_tour(check_id, hotel_id, date_of_departure, return_date, number_of_people) VALUE (15,11,'2023-8-27 0:40:00','2023-9-10 0:00:00',5);
insert into package_tour(check_id, hotel_id, date_of_departure, return_date, number_of_people) VALUE (15,9,'2023-12-20 13:40:00','2024-1-12 23:00:00',50);
insert into package_tour(check_id, hotel_id, date_of_departure, return_date, number_of_people) VALUE (16,11,'2023-6-14 4:20:00','2023-6-20 14:00:00',7);
insert into package_tour(check_id, hotel_id, date_of_departure, return_date, number_of_people) VALUE (16,18,'2023-7-14 14:40:00','2023-7-17 4:00:00',12);
insert into package_tour(check_id, hotel_id, date_of_departure, return_date, number_of_people) VALUE (17,5,'2023-7-4 9:0:00','2023-7-7 4:00:00',2);
insert into package_tour(check_id, hotel_id, date_of_departure, return_date, number_of_people) VALUE (18,1,'2023-7-11 16:40:00','2023-7-15 16:00:00',3);
insert into package_tour(check_id, hotel_id, date_of_departure, return_date, number_of_people) VALUE (18,3,'2023-4-22 9:10:00','2023-5-7 0:00:00',1);
insert into package_tour(check_id, hotel_id, date_of_departure, return_date, number_of_people) VALUE (18,8,'2023-4-25 20:30:00','2023-5-8 6:00:00',2);
insert into package_tour(check_id, hotel_id, date_of_departure, return_date, number_of_people) VALUE (19,1,'2023-7-17 3:40:00','2023-7-26 18:00:00',2);
insert into package_tour(check_id, hotel_id, date_of_departure, return_date, number_of_people) VALUE (19,1,'2023-2-12 23:50:00','2023-3-4 22:00:00',2);
insert into package_tour(check_id, hotel_id, date_of_departure, return_date, number_of_people) VALUE (19,19,'2023-11-2 21:0:00','2023-11-18 22:00:00',8);
insert into package_tour(check_id, hotel_id, date_of_departure, return_date, number_of_people) VALUE (20,18,'2023-4-11 21:10:00','2023-4-26 7:00:00',3);
insert into package_tour(check_id, hotel_id, date_of_departure, return_date, number_of_people) VALUE (20,11,'2023-4-13 6:10:00','2023-4-28 21:00:00',1);
insert into package_tour(check_id, hotel_id, date_of_departure, return_date, number_of_people) VALUE (21,18,'2023-3-24 1:50:00','2023-4-4 15:00:00',2);
insert into package_tour(check_id, hotel_id, date_of_departure, return_date, number_of_people) VALUE (21,17,'2023-3-9 23:50:00','2023-3-24 12:00:00',2);
insert into package_tour(check_id, hotel_id, date_of_departure, return_date, number_of_people) VALUE (21,14,'2023-2-25 18:0:00','2023-3-17 10:00:00',6);
insert into package_tour(check_id, hotel_id, date_of_departure, return_date, number_of_people) VALUE (22,12,'2023-11-4 17:50:00','2023-11-18 11:00:00',2);
insert into package_tour(check_id, hotel_id, date_of_departure, return_date, number_of_people) VALUE (22,12,'2023-5-10 3:30:00','2023-5-27 20:00:00',3);
insert into package_tour(check_id, hotel_id, date_of_departure, return_date, number_of_people) VALUE (23,3,'2023-5-26 5:20:00','2023-6-2 10:00:00',7);
insert into package_tour(check_id, hotel_id, date_of_departure, return_date, number_of_people) VALUE (23,20,'2023-12-23 14:0:00','2024-1-10 10:00:00',50);
insert into package_tour(check_id, hotel_id, date_of_departure, return_date, number_of_people) VALUE (24,18,'2023-8-21 18:10:00','2023-9-3 9:00:00',2);
insert into package_tour(check_id, hotel_id, date_of_departure, return_date, number_of_people) VALUE (24,11,'2023-3-13 12:40:00','2023-3-18 12:00:00',16);
insert into package_tour(check_id, hotel_id, date_of_departure, return_date, number_of_people) VALUE (25,11,'2023-6-6 7:50:00','2023-6-25 18:00:00',1);
insert into package_tour(check_id, hotel_id, date_of_departure, return_date, number_of_people) VALUE (25,4,'2023-12-6 21:20:00','2023-12-11 16:00:00',25);
insert into package_tour(check_id, hotel_id, date_of_departure, return_date, number_of_people) VALUE (26,5,'2023-3-14 4:0:00','2023-3-18 1:00:00',5);
insert into package_tour(check_id, hotel_id, date_of_departure, return_date, number_of_people) VALUE (27,5,'2023-9-2 1:20:00','2023-9-9 20:00:00',2);
insert into package_tour(check_id, hotel_id, date_of_departure, return_date, number_of_people) VALUE (28,17,'2023-1-21 20:20:00','2023-2-12 7:00:00',2);
insert into package_tour(check_id, hotel_id, date_of_departure, return_date, number_of_people) VALUE (28,8,'2023-7-28 7:0:00','2023-8-3 8:00:00',50);
insert into package_tour(check_id, hotel_id, date_of_departure, return_date, number_of_people) VALUE (28,19,'2023-5-11 13:20:00','2023-5-25 0:00:00',2);
insert into package_tour(check_id, hotel_id, date_of_departure, return_date, number_of_people) VALUE (29,2,'2023-12-8 1:10:00','2023-12-27 7:00:00',2);
insert into package_tour(check_id, hotel_id, date_of_departure, return_date, number_of_people) VALUE (30,9,'2023-3-14 19:30:00','2023-4-5 4:00:00',1);
insert into package_tour(check_id, hotel_id, date_of_departure, return_date, number_of_people) VALUE (31,14,'2023-3-7 9:0:00','2023-3-9 16:00:00',2);
insert into package_tour(check_id, hotel_id, date_of_departure, return_date, number_of_people) VALUE (31,20,'2023-5-25 17:40:00','2023-6-5 22:00:00',16);
insert into package_tour(check_id, hotel_id, date_of_departure, return_date, number_of_people) VALUE (31,6,'2023-6-16 23:30:00','2023-7-4 8:00:00',12);
insert into package_tour(check_id, hotel_id, date_of_departure, return_date, number_of_people) VALUE (32,13,'2023-4-28 18:0:00','2023-5-16 18:00:00',12);
insert into package_tour(check_id, hotel_id, date_of_departure, return_date, number_of_people) VALUE (32,1,'2023-5-24 16:50:00','2023-6-12 15:00:00',25);
insert into package_tour(check_id, hotel_id, date_of_departure, return_date, number_of_people) VALUE (32,11,'2023-11-5 5:10:00','2023-11-25 1:00:00',2);
insert into package_tour(check_id, hotel_id, date_of_departure, return_date, number_of_people) VALUE (33,4,'2023-4-5 23:40:00','2023-4-20 18:00:00',2);
insert into package_tour(check_id, hotel_id, date_of_departure, return_date, number_of_people) VALUE (33,9,'2023-2-2 12:10:00','2023-2-17 11:00:00',6);
insert into package_tour(check_id, hotel_id, date_of_departure, return_date, number_of_people) VALUE (33,1,'2023-2-12 7:10:00','2023-2-27 5:00:00',2);
insert into package_tour(check_id, hotel_id, date_of_departure, return_date, number_of_people) VALUE (34,3,'2023-9-3 2:40:00','2023-9-5 18:00:00',12);
insert into package_tour(check_id, hotel_id, date_of_departure, return_date, number_of_people) VALUE (34,9,'2023-10-4 12:50:00','2023-10-13 15:00:00',2);
insert into package_tour(check_id, hotel_id, date_of_departure, return_date, number_of_people) VALUE (34,3,'2023-4-18 7:30:00','2023-5-11 18:00:00',1);
insert into package_tour(check_id, hotel_id, date_of_departure, return_date, number_of_people) VALUE (35,2,'2023-5-12 19:30:00','2023-6-2 7:00:00',3);
insert into package_tour(check_id, hotel_id, date_of_departure, return_date, number_of_people) VALUE (35,19,'2023-8-6 5:0:00','2023-8-17 10:00:00',5);
insert into package_tour(check_id, hotel_id, date_of_departure, return_date, number_of_people) VALUE (36,5,'2023-1-21 13:10:00','2023-1-27 11:00:00',2);
insert into package_tour(check_id, hotel_id, date_of_departure, return_date, number_of_people) VALUE (37,8,'2023-6-14 6:10:00','2023-7-1 14:00:00',5);
insert into package_tour(check_id, hotel_id, date_of_departure, return_date, number_of_people) VALUE (38,3,'2023-3-3 16:40:00','2023-3-15 23:00:00',7);
insert into package_tour(check_id, hotel_id, date_of_departure, return_date, number_of_people) VALUE (38,9,'2023-6-9 22:20:00','2023-6-21 6:00:00',12);
insert into package_tour(check_id, hotel_id, date_of_departure, return_date, number_of_people) VALUE (39,3,'2023-3-3 6:30:00','2023-3-7 1:00:00',2);
insert into package_tour(check_id, hotel_id, date_of_departure, return_date, number_of_people) VALUE (39,10,'2023-3-28 21:10:00','2023-4-2 7:00:00',3);
insert into package_tour(check_id, hotel_id, date_of_departure, return_date, number_of_people) VALUE (40,2,'2023-10-19 10:0:00','2023-11-12 5:00:00',1);
insert into package_tour(check_id, hotel_id, date_of_departure, return_date, number_of_people) VALUE (40,16,'2023-6-1 20:40:00','2023-6-17 13:00:00',5);
insert into package_tour(check_id, hotel_id, date_of_departure, return_date, number_of_people) VALUE (40,5,'2023-2-18 14:20:00','2023-3-10 7:00:00',2);
insert into package_tour(check_id, hotel_id, date_of_departure, return_date, number_of_people) VALUE (41,9,'2023-8-25 16:10:00','2023-9-18 13:00:00',5);
insert into package_tour(check_id, hotel_id, date_of_departure, return_date, number_of_people) VALUE (41,18,'2023-6-17 10:20:00','2023-7-9 10:00:00',1);
insert into package_tour(check_id, hotel_id, date_of_departure, return_date, number_of_people) VALUE (41,11,'2023-4-19 18:30:00','2023-5-7 16:00:00',3);
insert into package_tour(check_id, hotel_id, date_of_departure, return_date, number_of_people) VALUE (42,13,'2023-4-25 18:10:00','2023-5-2 9:00:00',2);
insert into package_tour(check_id, hotel_id, date_of_departure, return_date, number_of_people) VALUE (43,3,'2023-4-28 14:20:00','2023-5-10 22:00:00',2);
insert into package_tour(check_id, hotel_id, date_of_departure, return_date, number_of_people) VALUE (43,5,'2023-5-20 3:50:00','2023-6-2 0:00:00',50);
insert into package_tour(check_id, hotel_id, date_of_departure, return_date, number_of_people) VALUE (43,14,'2023-10-17 19:10:00','2023-11-2 16:00:00',12);
insert into package_tour(check_id, hotel_id, date_of_departure, return_date, number_of_people) VALUE (44,5,'2023-5-24 14:30:00','2023-6-2 5:00:00',2);
insert into package_tour(check_id, hotel_id, date_of_departure, return_date, number_of_people) VALUE (44,4,'2023-4-5 1:40:00','2023-4-13 17:00:00',50);
insert into package_tour(check_id, hotel_id, date_of_departure, return_date, number_of_people) VALUE (44,13,'2023-2-4 15:20:00','2023-2-22 22:00:00',5);
insert into package_tour(check_id, hotel_id, date_of_departure, return_date, number_of_people) VALUE (45,6,'2023-1-1 15:50:00','2023-1-8 10:00:00',3);
insert into package_tour(check_id, hotel_id, date_of_departure, return_date, number_of_people) VALUE (45,2,'2023-1-21 8:20:00','2023-1-27 21:00:00',4);
insert into package_tour(check_id, hotel_id, date_of_departure, return_date, number_of_people) VALUE (46,14,'2023-10-1 0:30:00','2023-10-17 20:00:00',7);
insert into package_tour(check_id, hotel_id, date_of_departure, return_date, number_of_people) VALUE (46,11,'2023-4-25 11:50:00','2023-5-16 21:00:00',2);
insert into package_tour(check_id, hotel_id, date_of_departure, return_date, number_of_people) VALUE (46,17,'2023-1-28 21:40:00','2023-2-4 23:00:00',2);
insert into package_tour(check_id, hotel_id, date_of_departure, return_date, number_of_people) VALUE (47,5,'2023-12-2 9:30:00','2023-12-6 17:00:00',1);
insert into package_tour(check_id, hotel_id, date_of_departure, return_date, number_of_people) VALUE (47,7,'2023-5-27 11:50:00','2023-6-15 5:00:00',3);
insert into package_tour(check_id, hotel_id, date_of_departure, return_date, number_of_people) VALUE (48,19,'2023-6-3 3:50:00','2023-6-10 4:00:00',3);
insert into package_tour(check_id, hotel_id, date_of_departure, return_date, number_of_people) VALUE (48,16,'2023-12-26 0:0:00','2024-1-1 11:00:00',2);
insert into package_tour(check_id, hotel_id, date_of_departure, return_date, number_of_people) VALUE (49,15,'2023-5-13 17:10:00','2023-5-22 3:00:00',4);
insert into package_tour(check_id, hotel_id, date_of_departure, return_date, number_of_people) VALUE (50,9,'2023-1-26 9:30:00','2023-2-15 17:00:00',2);
insert into package_tour(check_id, hotel_id, date_of_departure, return_date, number_of_people) VALUE (51,16,'2023-3-27 9:0:00','2023-4-1 16:00:00',3);
insert into package_tour(check_id, hotel_id, date_of_departure, return_date, number_of_people) VALUE (51,2,'2023-12-16 9:20:00','2024-1-7 19:00:00',50);
insert into package_tour(check_id, hotel_id, date_of_departure, return_date, number_of_people) VALUE (51,15,'2023-6-15 13:20:00','2023-6-19 7:00:00',3);
insert into package_tour(check_id, hotel_id, date_of_departure, return_date, number_of_people) VALUE (52,1,'2023-9-1 5:40:00','2023-9-22 16:00:00',25);
insert into package_tour(check_id, hotel_id, date_of_departure, return_date, number_of_people) VALUE (52,5,'2023-2-8 7:40:00','2023-2-11 15:00:00',3);
insert into package_tour(check_id, hotel_id, date_of_departure, return_date, number_of_people) VALUE (52,1,'2023-9-18 17:20:00','2023-9-25 20:00:00',8);
insert into package_tour(check_id, hotel_id, date_of_departure, return_date, number_of_people) VALUE (53,5,'2023-12-20 18:40:00','2024-1-6 19:00:00',2);
insert into package_tour(check_id, hotel_id, date_of_departure, return_date, number_of_people) VALUE (54,3,'2023-3-13 22:50:00','2023-3-25 1:00:00',16);
insert into package_tour(check_id, hotel_id, date_of_departure, return_date, number_of_people) VALUE (54,19,'2023-5-26 6:20:00','2023-6-6 11:00:00',1);
insert into package_tour(check_id, hotel_id, date_of_departure, return_date, number_of_people) VALUE (54,3,'2023-9-2 1:40:00','2023-9-23 11:00:00',2);
insert into package_tour(check_id, hotel_id, date_of_departure, return_date, number_of_people) VALUE (55,13,'2023-11-20 1:50:00','2023-11-23 6:00:00',1);
insert into package_tour(check_id, hotel_id, date_of_departure, return_date, number_of_people) VALUE (55,8,'2023-5-20 19:0:00','2023-6-5 9:00:00',3);
insert into package_tour(check_id, hotel_id, date_of_departure, return_date, number_of_people) VALUE (55,4,'2023-3-27 3:10:00','2023-4-4 17:00:00',3);
insert into package_tour(check_id, hotel_id, date_of_departure, return_date, number_of_people) VALUE (56,8,'2023-2-2 4:10:00','2023-2-5 6:00:00',2);
insert into package_tour(check_id, hotel_id, date_of_departure, return_date, number_of_people) VALUE (57,5,'2023-3-25 23:50:00','2023-3-27 23:00:00',25);
insert into package_tour(check_id, hotel_id, date_of_departure, return_date, number_of_people) VALUE (57,4,'2023-12-5 21:0:00','2023-12-10 8:00:00',3);
insert into package_tour(check_id, hotel_id, date_of_departure, return_date, number_of_people) VALUE (58,7,'2023-4-21 10:50:00','2023-5-7 12:00:00',7);
insert into package_tour(check_id, hotel_id, date_of_departure, return_date, number_of_people) VALUE (58,13,'2023-12-22 20:30:00','2024-1-9 0:00:00',2);
insert into package_tour(check_id, hotel_id, date_of_departure, return_date, number_of_people) VALUE (59,5,'2023-12-7 12:10:00','2023-12-19 23:00:00',2);
insert into package_tour(check_id, hotel_id, date_of_departure, return_date, number_of_people) VALUE (59,17,'2023-7-11 9:50:00','2023-7-20 2:00:00',2);
insert into package_tour(check_id, hotel_id, date_of_departure, return_date, number_of_people) VALUE (60,16,'2023-10-4 11:20:00','2023-10-20 13:00:00',3);
insert into package_tour(check_id, hotel_id, date_of_departure, return_date, number_of_people) VALUE (61,3,'2023-9-10 1:30:00','2023-10-2 16:00:00',1);
insert into package_tour(check_id, hotel_id, date_of_departure, return_date, number_of_people) VALUE (62,20,'2023-9-15 3:40:00','2023-10-1 4:00:00',16);
insert into package_tour(check_id, hotel_id, date_of_departure, return_date, number_of_people) VALUE (62,7,'2023-2-3 5:0:00','2023-2-8 3:00:00',1);
insert into package_tour(check_id, hotel_id, date_of_departure, return_date, number_of_people) VALUE (62,10,'2023-1-19 20:0:00','2023-1-24 12:00:00',5);
insert into package_tour(check_id, hotel_id, date_of_departure, return_date, number_of_people) VALUE (63,7,'2023-7-17 23:10:00','2023-8-10 8:00:00',25);
insert into package_tour(check_id, hotel_id, date_of_departure, return_date, number_of_people) VALUE (63,9,'2023-3-11 12:10:00','2023-4-2 12:00:00',3);
insert into package_tour(check_id, hotel_id, date_of_departure, return_date, number_of_people) VALUE (64,8,'2023-1-10 7:30:00','2023-1-21 3:00:00',2);
insert into package_tour(check_id, hotel_id, date_of_departure, return_date, number_of_people) VALUE (65,8,'2023-7-5 0:0:00','2023-7-10 12:00:00',5);
insert into package_tour(check_id, hotel_id, date_of_departure, return_date, number_of_people) VALUE (66,10,'2023-8-8 9:20:00','2023-8-20 10:00:00',16);
insert into package_tour(check_id, hotel_id, date_of_departure, return_date, number_of_people) VALUE (66,19,'2023-9-14 9:40:00','2023-9-20 11:00:00',3);
insert into package_tour(check_id, hotel_id, date_of_departure, return_date, number_of_people) VALUE (66,16,'2023-8-8 3:40:00','2023-8-16 23:00:00',6);
insert into package_tour(check_id, hotel_id, date_of_departure, return_date, number_of_people) VALUE (67,3,'2023-11-25 1:30:00','2023-12-2 0:00:00',10);
insert into package_tour(check_id, hotel_id, date_of_departure, return_date, number_of_people) VALUE (67,6,'2023-10-6 9:40:00','2023-10-26 11:00:00',7);
insert into package_tour(check_id, hotel_id, date_of_departure, return_date, number_of_people) VALUE (67,7,'2023-3-23 19:40:00','2023-4-15 11:00:00',3);
insert into package_tour(check_id, hotel_id, date_of_departure, return_date, number_of_people) VALUE (68,15,'2023-6-7 8:0:00','2023-6-19 11:00:00',4);
insert into package_tour(check_id, hotel_id, date_of_departure, return_date, number_of_people) VALUE (68,17,'2023-11-26 9:10:00','2023-12-14 6:00:00',2);
insert into package_tour(check_id, hotel_id, date_of_departure, return_date, number_of_people) VALUE (69,10,'2023-12-28 7:20:00','2024-1-19 13:00:00',1);
insert into package_tour(check_id, hotel_id, date_of_departure, return_date, number_of_people) VALUE (69,1,'2023-9-28 21:10:00','2023-10-14 6:00:00',25);
insert into package_tour(check_id, hotel_id, date_of_departure, return_date, number_of_people) VALUE (70,1,'2023-10-24 6:50:00','2023-11-10 9:00:00',4);
insert into package_tour(check_id, hotel_id, date_of_departure, return_date, number_of_people) VALUE (70,5,'2023-10-23 6:10:00','2023-11-9 2:00:00',2);
insert into package_tour(check_id, hotel_id, date_of_departure, return_date, number_of_people) VALUE (70,9,'2023-6-22 20:30:00','2023-7-10 5:00:00',2);
insert into package_tour(check_id, hotel_id, date_of_departure, return_date, number_of_people) VALUE (71,12,'2023-12-23 21:10:00','2024-1-16 19:00:00',2);
insert into package_tour(check_id, hotel_id, date_of_departure, return_date, number_of_people) VALUE (71,20,'2023-5-9 2:20:00','2023-5-19 19:00:00',10);
insert into package_tour(check_id, hotel_id, date_of_departure, return_date, number_of_people) VALUE (71,10,'2023-7-20 22:10:00','2023-8-13 23:00:00',1);
insert into package_tour(check_id, hotel_id, date_of_departure, return_date, number_of_people) VALUE (72,14,'2023-3-27 21:50:00','2023-4-8 9:00:00',2);
insert into package_tour(check_id, hotel_id, date_of_departure, return_date, number_of_people) VALUE (73,8,'2023-9-17 1:10:00','2023-9-28 7:00:00',2);
insert into package_tour(check_id, hotel_id, date_of_departure, return_date, number_of_people) VALUE (73,3,'2023-9-25 8:30:00','2023-10-2 15:00:00',16);
insert into package_tour(check_id, hotel_id, date_of_departure, return_date, number_of_people) VALUE (73,9,'2023-12-10 14:0:00','2023-12-23 20:00:00',25);
insert into package_tour(check_id, hotel_id, date_of_departure, return_date, number_of_people) VALUE (74,4,'2023-6-10 0:30:00','2023-6-17 3:00:00',2);
insert into package_tour(check_id, hotel_id, date_of_departure, return_date, number_of_people) VALUE (74,18,'2023-4-17 17:10:00','2023-4-24 11:00:00',5);
insert into package_tour(check_id, hotel_id, date_of_departure, return_date, number_of_people) VALUE (75,11,'2023-8-27 16:40:00','2023-9-17 7:00:00',7);
insert into package_tour(check_id, hotel_id, date_of_departure, return_date, number_of_people) VALUE (75,15,'2023-6-19 7:50:00','2023-7-2 10:00:00',8);
insert into package_tour(check_id, hotel_id, date_of_departure, return_date, number_of_people) VALUE (76,18,'2023-3-10 8:0:00','2023-3-22 16:00:00',2);
insert into package_tour(check_id, hotel_id, date_of_departure, return_date, number_of_people) VALUE (77,16,'2023-3-9 1:30:00','2023-3-27 14:00:00',16);
insert into package_tour(check_id, hotel_id, date_of_departure, return_date, number_of_people) VALUE (78,3,'2023-3-15 3:50:00','2023-3-27 21:00:00',8);
insert into package_tour(check_id, hotel_id, date_of_departure, return_date, number_of_people) VALUE (79,12,'2023-4-28 19:0:00','2023-5-17 9:00:00',2);
insert into package_tour(check_id, hotel_id, date_of_departure, return_date, number_of_people) VALUE (79,14,'2023-7-9 7:40:00','2023-8-2 18:00:00',4);
insert into package_tour(check_id, hotel_id, date_of_departure, return_date, number_of_people) VALUE (80,2,'2023-8-9 9:0:00','2023-8-21 9:00:00',3);
insert into package_tour(check_id, hotel_id, date_of_departure, return_date, number_of_people) VALUE (81,11,'2023-11-15 16:0:00','2023-12-8 19:00:00',2);
insert into package_tour(check_id, hotel_id, date_of_departure, return_date, number_of_people) VALUE (81,7,'2023-2-21 13:0:00','2023-3-3 19:00:00',1);
insert into package_tour(check_id, hotel_id, date_of_departure, return_date, number_of_people) VALUE (81,5,'2023-10-6 18:40:00','2023-10-21 15:00:00',2);
insert into package_tour(check_id, hotel_id, date_of_departure, return_date, number_of_people) VALUE (82,10,'2023-2-4 16:20:00','2023-2-15 16:00:00',7);
insert into package_tour(check_id, hotel_id, date_of_departure, return_date, number_of_people) VALUE (82,9,'2023-3-1 1:50:00','2023-3-8 21:00:00',2);
insert into package_tour(check_id, hotel_id, date_of_departure, return_date, number_of_people) VALUE (82,9,'2023-4-24 21:20:00','2023-5-4 12:00:00',2);
insert into package_tour(check_id, hotel_id, date_of_departure, return_date, number_of_people) VALUE (83,8,'2023-1-3 4:30:00','2023-1-16 17:00:00',50);
insert into package_tour(check_id, hotel_id, date_of_departure, return_date, number_of_people) VALUE (83,15,'2023-1-8 2:40:00','2023-1-26 11:00:00',4);
insert into package_tour(check_id, hotel_id, date_of_departure, return_date, number_of_people) VALUE (83,12,'2023-8-23 4:40:00','2023-9-1 16:00:00',6);
insert into package_tour(check_id, hotel_id, date_of_departure, return_date, number_of_people) VALUE (84,1,'2023-8-24 10:0:00','2023-9-1 23:00:00',50);
insert into package_tour(check_id, hotel_id, date_of_departure, return_date, number_of_people) VALUE (84,14,'2023-10-3 19:30:00','2023-10-20 19:00:00',4);
insert into package_tour(check_id, hotel_id, date_of_departure, return_date, number_of_people) VALUE (84,15,'2023-1-25 2:20:00','2023-2-18 16:00:00',4);
insert into package_tour(check_id, hotel_id, date_of_departure, return_date, number_of_people) VALUE (85,1,'2023-10-12 2:0:00','2023-11-3 16:00:00',2);
insert into package_tour(check_id, hotel_id, date_of_departure, return_date, number_of_people) VALUE (86,6,'2023-8-15 3:30:00','2023-9-7 13:00:00',3);
insert into package_tour(check_id, hotel_id, date_of_departure, return_date, number_of_people) VALUE (86,8,'2023-10-27 2:10:00','2023-11-18 2:00:00',7);
insert into package_tour(check_id, hotel_id, date_of_departure, return_date, number_of_people) VALUE (86,18,'2023-11-3 8:30:00','2023-11-12 21:00:00',3);
insert into package_tour(check_id, hotel_id, date_of_departure, return_date, number_of_people) VALUE (87,18,'2023-8-6 10:0:00','2023-8-25 14:00:00',50);
insert into package_tour(check_id, hotel_id, date_of_departure, return_date, number_of_people) VALUE (87,7,'2023-8-12 2:10:00','2023-8-27 16:00:00',1);
insert into package_tour(check_id, hotel_id, date_of_departure, return_date, number_of_people) VALUE (88,9,'2023-6-15 9:0:00','2023-7-8 22:00:00',4);
insert into package_tour(check_id, hotel_id, date_of_departure, return_date, number_of_people) VALUE (89,11,'2023-12-19 12:10:00','2024-1-12 15:00:00',5);
insert into package_tour(check_id, hotel_id, date_of_departure, return_date, number_of_people) VALUE (90,10,'2023-12-5 20:0:00','2023-12-20 2:00:00',2);
insert into package_tour(check_id, hotel_id, date_of_departure, return_date, number_of_people) VALUE (91,7,'2023-6-1 11:50:00','2023-6-11 9:00:00',50);
insert into package_tour(check_id, hotel_id, date_of_departure, return_date, number_of_people) VALUE (91,19,'2023-6-27 13:0:00','2023-7-17 15:00:00',25);
insert into package_tour(check_id, hotel_id, date_of_departure, return_date, number_of_people) VALUE (92,20,'2023-1-23 20:20:00','2023-1-25 2:00:00',3);
insert into package_tour(check_id, hotel_id, date_of_departure, return_date, number_of_people) VALUE (92,9,'2023-5-18 7:30:00','2023-6-11 13:00:00',1);
insert into package_tour(check_id, hotel_id, date_of_departure, return_date, number_of_people) VALUE (92,10,'2023-9-14 17:50:00','2023-10-7 12:00:00',10);
insert into package_tour(check_id, hotel_id, date_of_departure, return_date, number_of_people) VALUE (93,5,'2023-7-4 21:40:00','2023-7-10 2:00:00',2);
insert into package_tour(check_id, hotel_id, date_of_departure, return_date, number_of_people) VALUE (93,2,'2023-8-15 20:10:00','2023-9-4 3:00:00',25);
insert into package_tour(check_id, hotel_id, date_of_departure, return_date, number_of_people) VALUE (93,4,'2023-6-2 16:40:00','2023-6-19 23:00:00',5);
insert into package_tour(check_id, hotel_id, date_of_departure, return_date, number_of_people) VALUE (94,18,'2023-7-16 11:20:00','2023-8-1 14:00:00',3);
insert into package_tour(check_id, hotel_id, date_of_departure, return_date, number_of_people) VALUE (94,17,'2023-1-6 4:40:00','2023-1-25 22:00:00',25);
insert into package_tour(check_id, hotel_id, date_of_departure, return_date, number_of_people) VALUE (95,8,'2023-12-25 15:40:00','2024-1-16 7:00:00',8);
insert into package_tour(check_id, hotel_id, date_of_departure, return_date, number_of_people) VALUE (95,11,'2023-10-19 10:0:00','2023-10-21 22:00:00',5);
insert into package_tour(check_id, hotel_id, date_of_departure, return_date, number_of_people) VALUE (95,13,'2023-7-23 9:30:00','2023-8-16 6:00:00',5);
insert into package_tour(check_id, hotel_id, date_of_departure, return_date, number_of_people) VALUE (96,13,'2023-11-9 22:20:00','2023-11-26 16:00:00',2);
insert into package_tour(check_id, hotel_id, date_of_departure, return_date, number_of_people) VALUE (97,2,'2023-10-4 1:30:00','2023-10-14 14:00:00',1);
insert into package_tour(check_id, hotel_id, date_of_departure, return_date, number_of_people) VALUE (98,7,'2023-8-28 2:40:00','2023-9-9 18:00:00',3);
insert into package_tour(check_id, hotel_id, date_of_departure, return_date, number_of_people) VALUE (98,15,'2023-9-27 16:50:00','2023-10-6 11:00:00',2);
insert into package_tour(check_id, hotel_id, date_of_departure, return_date, number_of_people) VALUE (99,6,'2023-1-12 0:50:00','2023-2-1 12:00:00',6);
insert into package_tour(check_id, hotel_id, date_of_departure, return_date, number_of_people) VALUE (99,2,'2023-11-7 0:40:00','2023-11-17 6:00:00',6);
insert into package_tour(check_id, hotel_id, date_of_departure, return_date, number_of_people) VALUE (100,18,'2023-6-8 19:0:00','2023-7-1 19:00:00',2);
insert into package_tour(check_id, hotel_id, date_of_departure, return_date, number_of_people) VALUE (100,18,'2023-12-3 23:20:00','2023-12-21 22:00:00',12);
insert into package_tour(check_id, hotel_id, date_of_departure, return_date, number_of_people) VALUE (100,10,'2023-10-24 5:40:00','2023-11-12 23:00:00',2);
insert into package_tour(check_id, hotel_id, date_of_departure, return_date, number_of_people) VALUE (101,16,'2023-5-23 16:40:00','2023-6-4 7:00:00',16);
insert into package_tour(check_id, hotel_id, date_of_departure, return_date, number_of_people) VALUE (102,6,'2023-4-4 3:30:00','2023-4-10 15:00:00',2);
insert into package_tour(check_id, hotel_id, date_of_departure, return_date, number_of_people) VALUE (103,7,'2023-8-17 0:10:00','2023-8-22 21:00:00',10);
insert into package_tour(check_id, hotel_id, date_of_departure, return_date, number_of_people) VALUE (104,10,'2023-6-22 18:40:00','2023-6-26 13:00:00',10);
insert into package_tour(check_id, hotel_id, date_of_departure, return_date, number_of_people) VALUE (105,20,'2023-3-22 9:10:00','2023-4-10 21:00:00',1);
insert into package_tour(check_id, hotel_id, date_of_departure, return_date, number_of_people) VALUE (105,3,'2023-11-17 5:0:00','2023-11-21 9:00:00',1);
insert into package_tour(check_id, hotel_id, date_of_departure, return_date, number_of_people) VALUE (105,4,'2023-7-20 22:0:00','2023-7-25 18:00:00',6);
insert into package_tour(check_id, hotel_id, date_of_departure, return_date, number_of_people) VALUE (106,2,'2023-6-2 15:50:00','2023-6-4 13:00:00',8);
insert into package_tour(check_id, hotel_id, date_of_departure, return_date, number_of_people) VALUE (106,14,'2023-3-20 1:10:00','2023-3-28 3:00:00',2);
insert into package_tour(check_id, hotel_id, date_of_departure, return_date, number_of_people) VALUE (107,9,'2023-7-7 12:20:00','2023-7-16 15:00:00',4);
insert into package_tour(check_id, hotel_id, date_of_departure, return_date, number_of_people) VALUE (107,20,'2023-4-22 20:20:00','2023-5-13 5:00:00',3);
insert into package_tour(check_id, hotel_id, date_of_departure, return_date, number_of_people) VALUE (107,7,'2023-10-9 18:10:00','2023-10-13 14:00:00',5);
insert into package_tour(check_id, hotel_id, date_of_departure, return_date, number_of_people) VALUE (108,14,'2023-5-13 0:10:00','2023-5-16 4:00:00',3);
insert into package_tour(check_id, hotel_id, date_of_departure, return_date, number_of_people) VALUE (109,11,'2023-10-16 5:10:00','2023-10-28 16:00:00',2);
insert into package_tour(check_id, hotel_id, date_of_departure, return_date, number_of_people) VALUE (109,1,'2023-5-28 22:30:00','2023-6-7 5:00:00',8);
insert into package_tour(check_id, hotel_id, date_of_departure, return_date, number_of_people) VALUE (110,14,'2023-6-25 5:20:00','2023-7-4 17:00:00',50);
insert into package_tour(check_id, hotel_id, date_of_departure, return_date, number_of_people) VALUE (110,12,'2023-12-1 3:0:00','2023-12-8 15:00:00',1);
insert into package_tour(check_id, hotel_id, date_of_departure, return_date, number_of_people) VALUE (110,4,'2023-5-19 21:40:00','2023-6-7 11:00:00',2);
insert into package_tour(check_id, hotel_id, date_of_departure, return_date, number_of_people) VALUE (111,20,'2023-10-25 7:10:00','2023-11-12 17:00:00',16);
insert into package_tour(check_id, hotel_id, date_of_departure, return_date, number_of_people) VALUE (111,11,'2023-4-20 7:40:00','2023-4-28 16:00:00',5);
insert into package_tour(check_id, hotel_id, date_of_departure, return_date, number_of_people) VALUE (111,7,'2023-6-12 6:10:00','2023-6-26 21:00:00',4);
insert into package_tour(check_id, hotel_id, date_of_departure, return_date, number_of_people) VALUE (112,15,'2023-5-9 22:50:00','2023-5-17 15:00:00',3);
insert into package_tour(check_id, hotel_id, date_of_departure, return_date, number_of_people) VALUE (112,15,'2023-6-22 13:10:00','2023-7-13 2:00:00',2);
insert into package_tour(check_id, hotel_id, date_of_departure, return_date, number_of_people) VALUE (112,11,'2023-9-11 21:0:00','2023-9-24 15:00:00',1);
insert into package_tour(check_id, hotel_id, date_of_departure, return_date, number_of_people) VALUE (113,1,'2023-8-22 11:10:00','2023-9-6 14:00:00',2);
insert into package_tour(check_id, hotel_id, date_of_departure, return_date, number_of_people) VALUE (113,19,'2023-5-4 15:0:00','2023-5-20 12:00:00',3);
insert into package_tour(check_id, hotel_id, date_of_departure, return_date, number_of_people) VALUE (114,1,'2023-9-2 4:0:00','2023-9-8 18:00:00',4);
insert into package_tour(check_id, hotel_id, date_of_departure, return_date, number_of_people) VALUE (114,18,'2023-8-12 17:20:00','2023-8-27 7:00:00',2);
insert into package_tour(check_id, hotel_id, date_of_departure, return_date, number_of_people) VALUE (115,18,'2023-8-24 22:30:00','2023-9-8 22:00:00',2);
insert into package_tour(check_id, hotel_id, date_of_departure, return_date, number_of_people) VALUE (116,16,'2023-12-11 17:0:00','2023-12-24 16:00:00',3);
insert into package_tour(check_id, hotel_id, date_of_departure, return_date, number_of_people) VALUE (116,7,'2023-7-20 20:20:00','2023-8-9 1:00:00',2);
insert into package_tour(check_id, hotel_id, date_of_departure, return_date, number_of_people) VALUE (116,13,'2023-2-20 0:30:00','2023-3-9 3:00:00',1);
insert into package_tour(check_id, hotel_id, date_of_departure, return_date, number_of_people) VALUE (117,17,'2023-5-14 16:0:00','2023-5-18 10:00:00',2);
insert into package_tour(check_id, hotel_id, date_of_departure, return_date, number_of_people) VALUE (118,8,'2023-8-21 13:30:00','2023-9-14 21:00:00',1);
insert into package_tour(check_id, hotel_id, date_of_departure, return_date, number_of_people) VALUE (118,15,'2023-9-27 15:30:00','2023-10-3 19:00:00',1);
insert into package_tour(check_id, hotel_id, date_of_departure, return_date, number_of_people) VALUE (119,3,'2023-9-1 23:20:00','2023-9-10 17:00:00',2);
insert into package_tour(check_id, hotel_id, date_of_departure, return_date, number_of_people) VALUE (119,19,'2023-6-21 20:30:00','2023-7-9 20:00:00',2);
insert into package_tour(check_id, hotel_id, date_of_departure, return_date, number_of_people) VALUE (119,1,'2023-3-2 13:20:00','2023-3-15 12:00:00',5);
insert into package_tour(check_id, hotel_id, date_of_departure, return_date, number_of_people) VALUE (120,17,'2023-2-19 5:50:00','2023-3-11 1:00:00',2);
insert into package_tour(check_id, hotel_id, date_of_departure, return_date, number_of_people) VALUE (120,10,'2023-8-15 12:50:00','2023-8-25 1:00:00',1);
insert into package_tour(check_id, hotel_id, date_of_departure, return_date, number_of_people) VALUE (120,8,'2023-9-1 1:40:00','2023-9-17 7:00:00',5);
insert into package_tour(check_id, hotel_id, date_of_departure, return_date, number_of_people) VALUE (121,12,'2023-5-15 10:50:00','2023-6-3 9:00:00',2);
insert into package_tour(check_id, hotel_id, date_of_departure, return_date, number_of_people) VALUE (121,15,'2023-3-10 9:30:00','2023-4-3 20:00:00',50);
insert into package_tour(check_id, hotel_id, date_of_departure, return_date, number_of_people) VALUE (122,4,'2023-2-23 9:30:00','2023-3-3 0:00:00',2);
insert into package_tour(check_id, hotel_id, date_of_departure, return_date, number_of_people) VALUE (122,17,'2023-6-19 16:50:00','2023-7-10 3:00:00',5);
insert into package_tour(check_id, hotel_id, date_of_departure, return_date, number_of_people) VALUE (122,20,'2023-1-12 12:0:00','2023-1-15 22:00:00',4);
insert into package_tour(check_id, hotel_id, date_of_departure, return_date, number_of_people) VALUE (123,2,'2023-5-24 4:40:00','2023-6-11 14:00:00',2);
insert into package_tour(check_id, hotel_id, date_of_departure, return_date, number_of_people) VALUE (124,9,'2023-12-18 2:20:00','2024-1-6 15:00:00',25);
insert into package_tour(check_id, hotel_id, date_of_departure, return_date, number_of_people) VALUE (124,3,'2023-8-25 20:10:00','2023-9-7 9:00:00',3);
insert into package_tour(check_id, hotel_id, date_of_departure, return_date, number_of_people) VALUE (124,9,'2023-11-12 5:20:00','2023-11-28 2:00:00',8);
insert into package_tour(check_id, hotel_id, date_of_departure, return_date, number_of_people) VALUE (125,6,'2023-3-18 18:50:00','2023-3-28 15:00:00',2);
insert into package_tour(check_id, hotel_id, date_of_departure, return_date, number_of_people) VALUE (126,17,'2023-1-26 3:40:00','2023-2-3 18:00:00',4);
insert into package_tour(check_id, hotel_id, date_of_departure, return_date, number_of_people) VALUE (127,10,'2023-10-22 11:10:00','2023-10-24 0:00:00',16);
insert into package_tour(check_id, hotel_id, date_of_departure, return_date, number_of_people) VALUE (127,1,'2023-12-26 4:20:00','2024-1-13 21:00:00',2);
insert into package_tour(check_id, hotel_id, date_of_departure, return_date, number_of_people) VALUE (128,11,'2023-9-12 23:50:00','2023-9-27 22:00:00',1);
insert into package_tour(check_id, hotel_id, date_of_departure, return_date, number_of_people) VALUE (128,15,'2023-9-13 17:0:00','2023-9-24 14:00:00',12);
insert into package_tour(check_id, hotel_id, date_of_departure, return_date, number_of_people) VALUE (129,16,'2023-8-14 20:30:00','2023-8-18 13:00:00',10);
insert into package_tour(check_id, hotel_id, date_of_departure, return_date, number_of_people) VALUE (130,2,'2023-4-21 14:40:00','2023-5-8 16:00:00',2);
insert into package_tour(check_id, hotel_id, date_of_departure, return_date, number_of_people) VALUE (131,17,'2023-11-23 21:50:00','2023-11-28 11:00:00',7);
insert into package_tour(check_id, hotel_id, date_of_departure, return_date, number_of_people) VALUE (132,14,'2023-3-23 6:10:00','2023-4-1 21:00:00',4);
insert into package_tour(check_id, hotel_id, date_of_departure, return_date, number_of_people) VALUE (132,13,'2023-3-5 3:20:00','2023-3-19 3:00:00',2);
insert into package_tour(check_id, hotel_id, date_of_departure, return_date, number_of_people) VALUE (133,3,'2023-4-1 5:10:00','2023-4-3 13:00:00',3);
insert into package_tour(check_id, hotel_id, date_of_departure, return_date, number_of_people) VALUE (133,17,'2023-11-12 10:10:00','2023-11-20 13:00:00',4);
insert into package_tour(check_id, hotel_id, date_of_departure, return_date, number_of_people) VALUE (134,14,'2023-10-7 14:0:00','2023-10-11 17:00:00',12);
insert into package_tour(check_id, hotel_id, date_of_departure, return_date, number_of_people) VALUE (134,15,'2023-12-1 10:40:00','2023-12-13 7:00:00',2);
insert into package_tour(check_id, hotel_id, date_of_departure, return_date, number_of_people) VALUE (134,3,'2023-6-11 13:20:00','2023-7-4 21:00:00',5);
insert into package_tour(check_id, hotel_id, date_of_departure, return_date, number_of_people) VALUE (135,15,'2023-2-18 22:50:00','2023-2-25 19:00:00',6);
insert into package_tour(check_id, hotel_id, date_of_departure, return_date, number_of_people) VALUE (135,12,'2023-2-25 3:50:00','2023-3-16 6:00:00',12);
insert into package_tour(check_id, hotel_id, date_of_departure, return_date, number_of_people) VALUE (135,8,'2023-4-28 17:30:00','2023-5-20 1:00:00',5);
insert into package_tour(check_id, hotel_id, date_of_departure, return_date, number_of_people) VALUE (136,19,'2023-6-2 13:40:00','2023-6-13 6:00:00',2);
insert into package_tour(check_id, hotel_id, date_of_departure, return_date, number_of_people) VALUE (137,6,'2023-10-16 4:20:00','2023-11-5 6:00:00',2);
insert into package_tour(check_id, hotel_id, date_of_departure, return_date, number_of_people) VALUE (137,6,'2023-2-10 6:50:00','2023-2-20 1:00:00',50);
insert into package_tour(check_id, hotel_id, date_of_departure, return_date, number_of_people) VALUE (138,11,'2023-9-28 6:20:00','2023-10-18 10:00:00',1);
insert into package_tour(check_id, hotel_id, date_of_departure, return_date, number_of_people) VALUE (139,3,'2023-11-26 12:40:00','2023-12-5 7:00:00',1);
insert into package_tour(check_id, hotel_id, date_of_departure, return_date, number_of_people) VALUE (139,14,'2023-4-2 9:30:00','2023-4-5 11:00:00',2);
insert into package_tour(check_id, hotel_id, date_of_departure, return_date, number_of_people) VALUE (139,15,'2023-10-15 10:30:00','2023-11-3 0:00:00',3);
insert into package_tour(check_id, hotel_id, date_of_departure, return_date, number_of_people) VALUE (140,1,'2023-12-19 20:0:00','2023-12-22 6:00:00',6);
insert into package_tour(check_id, hotel_id, date_of_departure, return_date, number_of_people) VALUE (140,12,'2023-12-9 2:50:00','2023-12-19 20:00:00',3);
insert into package_tour(check_id, hotel_id, date_of_departure, return_date, number_of_people) VALUE (141,19,'2023-10-10 5:30:00','2023-10-28 8:00:00',2);
insert into package_tour(check_id, hotel_id, date_of_departure, return_date, number_of_people) VALUE (141,13,'2023-7-6 16:0:00','2023-7-20 19:00:00',7);
insert into package_tour(check_id, hotel_id, date_of_departure, return_date, number_of_people) VALUE (141,8,'2023-5-15 16:10:00','2023-6-4 22:00:00',1);
insert into package_tour(check_id, hotel_id, date_of_departure, return_date, number_of_people) VALUE (142,8,'2023-10-9 10:10:00','2023-10-22 1:00:00',2);
insert into package_tour(check_id, hotel_id, date_of_departure, return_date, number_of_people) VALUE (142,16,'2023-2-17 11:50:00','2023-3-4 19:00:00',4);
insert into package_tour(check_id, hotel_id, date_of_departure, return_date, number_of_people) VALUE (142,1,'2023-8-17 23:10:00','2023-9-1 16:00:00',1);
insert into package_tour(check_id, hotel_id, date_of_departure, return_date, number_of_people) VALUE (143,3,'2023-9-16 13:50:00','2023-10-8 3:00:00',2);
insert into package_tour(check_id, hotel_id, date_of_departure, return_date, number_of_people) VALUE (143,15,'2023-5-5 23:50:00','2023-5-13 19:00:00',2);
insert into package_tour(check_id, hotel_id, date_of_departure, return_date, number_of_people) VALUE (144,20,'2023-8-15 7:0:00','2023-9-4 18:00:00',25);
insert into package_tour(check_id, hotel_id, date_of_departure, return_date, number_of_people) VALUE (144,20,'2023-6-4 10:10:00','2023-6-24 14:00:00',2);
insert into package_tour(check_id, hotel_id, date_of_departure, return_date, number_of_people) VALUE (145,8,'2023-11-8 23:20:00','2023-11-26 4:00:00',4);
insert into package_tour(check_id, hotel_id, date_of_departure, return_date, number_of_people) VALUE (145,20,'2023-11-21 13:10:00','2023-12-14 22:00:00',1);
insert into package_tour(check_id, hotel_id, date_of_departure, return_date, number_of_people) VALUE (146,15,'2023-1-26 8:20:00','2023-2-16 6:00:00',50);
insert into package_tour(check_id, hotel_id, date_of_departure, return_date, number_of_people) VALUE (146,20,'2023-9-20 14:50:00','2023-10-7 11:00:00',1);
insert into package_tour(check_id, hotel_id, date_of_departure, return_date, number_of_people) VALUE (146,14,'2023-7-28 12:10:00','2023-8-16 8:00:00',4);
insert into package_tour(check_id, hotel_id, date_of_departure, return_date, number_of_people) VALUE (147,6,'2023-8-3 21:0:00','2023-8-19 3:00:00',12);
insert into package_tour(check_id, hotel_id, date_of_departure, return_date, number_of_people) VALUE (147,8,'2023-5-13 10:30:00','2023-5-15 3:00:00',25);
insert into package_tour(check_id, hotel_id, date_of_departure, return_date, number_of_people) VALUE (148,12,'2023-3-11 9:20:00','2023-4-3 3:00:00',4);
insert into package_tour(check_id, hotel_id, date_of_departure, return_date, number_of_people) VALUE (148,11,'2023-2-11 13:10:00','2023-2-14 9:00:00',5);
insert into package_tour(check_id, hotel_id, date_of_departure, return_date, number_of_people) VALUE (149,15,'2023-6-14 11:40:00','2023-6-16 13:00:00',4);
insert into package_tour(check_id, hotel_id, date_of_departure, return_date, number_of_people) VALUE (150,16,'2023-7-6 19:50:00','2023-7-13 21:00:00',6);
insert into package_tour(check_id, hotel_id, date_of_departure, return_date, number_of_people) VALUE (150,18,'2023-2-23 14:20:00','2023-3-7 4:00:00',6);
insert into package_tour(check_id, hotel_id, date_of_departure, return_date, number_of_people) VALUE (150,2,'2023-1-9 22:30:00','2023-1-22 8:00:00',1);
insert into package_tour(check_id, hotel_id, date_of_departure, return_date, number_of_people) VALUE (151,18,'2023-4-3 6:40:00','2023-4-14 16:00:00',10);
insert into package_tour(check_id, hotel_id, date_of_departure, return_date, number_of_people) VALUE (152,7,'2023-7-21 0:10:00','2023-8-9 16:00:00',2);
insert into package_tour(check_id, hotel_id, date_of_departure, return_date, number_of_people) VALUE (152,19,'2023-11-21 15:50:00','2023-11-23 3:00:00',25);
insert into package_tour(check_id, hotel_id, date_of_departure, return_date, number_of_people) VALUE (152,12,'2023-2-5 14:10:00','2023-2-16 4:00:00',3);
insert into package_tour(check_id, hotel_id, date_of_departure, return_date, number_of_people) VALUE (153,10,'2023-1-26 14:0:00','2023-2-7 7:00:00',1);
insert into package_tour(check_id, hotel_id, date_of_departure, return_date, number_of_people) VALUE (153,9,'2023-6-19 19:30:00','2023-7-3 18:00:00',2);
insert into package_tour(check_id, hotel_id, date_of_departure, return_date, number_of_people) VALUE (154,2,'2023-4-16 20:10:00','2023-4-20 17:00:00',1);
insert into package_tour(check_id, hotel_id, date_of_departure, return_date, number_of_people) VALUE (154,10,'2023-2-22 1:30:00','2023-3-6 15:00:00',7);
insert into package_tour(check_id, hotel_id, date_of_departure, return_date, number_of_people) VALUE (154,14,'2023-12-12 8:50:00','2024-1-1 0:00:00',1);
insert into package_tour(check_id, hotel_id, date_of_departure, return_date, number_of_people) VALUE (155,1,'2023-5-11 4:20:00','2023-6-3 8:00:00',8);
insert into package_tour(check_id, hotel_id, date_of_departure, return_date, number_of_people) VALUE (155,7,'2023-10-22 8:40:00','2023-11-5 23:00:00',16);
insert into package_tour(check_id, hotel_id, date_of_departure, return_date, number_of_people) VALUE (155,3,'2023-2-7 22:10:00','2023-2-12 19:00:00',3);
insert into package_tour(check_id, hotel_id, date_of_departure, return_date, number_of_people) VALUE (156,20,'2023-4-20 18:10:00','2023-5-10 22:00:00',4);
insert into package_tour(check_id, hotel_id, date_of_departure, return_date, number_of_people) VALUE (156,7,'2023-6-24 8:20:00','2023-6-28 18:00:00',2);
insert into package_tour(check_id, hotel_id, date_of_departure, return_date, number_of_people) VALUE (156,15,'2023-12-6 16:30:00','2023-12-22 13:00:00',2);
insert into package_tour(check_id, hotel_id, date_of_departure, return_date, number_of_people) VALUE (157,14,'2023-1-7 13:50:00','2023-1-25 16:00:00',2);
insert into package_tour(check_id, hotel_id, date_of_departure, return_date, number_of_people) VALUE (158,7,'2023-8-24 2:0:00','2023-9-16 7:00:00',2);
insert into package_tour(check_id, hotel_id, date_of_departure, return_date, number_of_people) VALUE (158,11,'2023-3-4 15:10:00','2023-3-17 7:00:00',2);
insert into package_tour(check_id, hotel_id, date_of_departure, return_date, number_of_people) VALUE (158,6,'2023-11-24 1:0:00','2023-12-14 4:00:00',50);
insert into package_tour(check_id, hotel_id, date_of_departure, return_date, number_of_people) VALUE (159,2,'2023-7-7 4:50:00','2023-7-22 7:00:00',3);
insert into package_tour(check_id, hotel_id, date_of_departure, return_date, number_of_people) VALUE (160,19,'2023-10-15 22:20:00','2023-10-27 1:00:00',2);
insert into package_tour(check_id, hotel_id, date_of_departure, return_date, number_of_people) VALUE (160,16,'2023-2-23 4:0:00','2023-3-1 10:00:00',16);
insert into package_tour(check_id, hotel_id, date_of_departure, return_date, number_of_people) VALUE (160,20,'2023-10-26 18:0:00','2023-11-14 13:00:00',5);
insert into package_tour(check_id, hotel_id, date_of_departure, return_date, number_of_people) VALUE (161,14,'2023-12-8 20:20:00','2023-12-12 1:00:00',8);
insert into package_tour(check_id, hotel_id, date_of_departure, return_date, number_of_people) VALUE (162,14,'2023-9-10 19:50:00','2023-9-16 5:00:00',12);
insert into package_tour(check_id, hotel_id, date_of_departure, return_date, number_of_people) VALUE (162,3,'2023-11-6 15:50:00','2023-11-24 5:00:00',3);
insert into package_tour(check_id, hotel_id, date_of_departure, return_date, number_of_people) VALUE (163,18,'2023-11-11 14:10:00','2023-12-1 7:00:00',50);
insert into package_tour(check_id, hotel_id, date_of_departure, return_date, number_of_people) VALUE (163,20,'2023-4-11 19:30:00','2023-4-26 11:00:00',7);
insert into package_tour(check_id, hotel_id, date_of_departure, return_date, number_of_people) VALUE (163,19,'2023-12-19 19:50:00','2024-1-7 13:00:00',1);
insert into package_tour(check_id, hotel_id, date_of_departure, return_date, number_of_people) VALUE (164,17,'2023-12-5 18:30:00','2023-12-18 1:00:00',4);
insert into package_tour(check_id, hotel_id, date_of_departure, return_date, number_of_people) VALUE (165,10,'2023-4-16 11:0:00','2023-4-25 4:00:00',4);
insert into package_tour(check_id, hotel_id, date_of_departure, return_date, number_of_people) VALUE (165,13,'2023-3-17 22:20:00','2023-4-8 15:00:00',2);
insert into package_tour(check_id, hotel_id, date_of_departure, return_date, number_of_people) VALUE (165,7,'2023-6-18 15:40:00','2023-7-3 6:00:00',50);
insert into package_tour(check_id, hotel_id, date_of_departure, return_date, number_of_people) VALUE (166,8,'2023-4-16 13:50:00','2023-5-5 7:00:00',1);
insert into package_tour(check_id, hotel_id, date_of_departure, return_date, number_of_people) VALUE (166,13,'2023-12-28 12:30:00','2024-1-19 0:00:00',2);
insert into package_tour(check_id, hotel_id, date_of_departure, return_date, number_of_people) VALUE (166,8,'2023-10-27 11:30:00','2023-11-15 15:00:00',3);
insert into package_tour(check_id, hotel_id, date_of_departure, return_date, number_of_people) VALUE (167,12,'2023-4-26 3:0:00','2023-5-13 21:00:00',2);
insert into package_tour(check_id, hotel_id, date_of_departure, return_date, number_of_people) VALUE (167,13,'2023-8-4 23:50:00','2023-8-25 22:00:00',10);
insert into package_tour(check_id, hotel_id, date_of_departure, return_date, number_of_people) VALUE (167,15,'2023-7-10 4:10:00','2023-7-28 15:00:00',25);
insert into package_tour(check_id, hotel_id, date_of_departure, return_date, number_of_people) VALUE (168,16,'2023-1-17 9:0:00','2023-2-2 16:00:00',1);
insert into package_tour(check_id, hotel_id, date_of_departure, return_date, number_of_people) VALUE (168,5,'2023-6-25 13:10:00','2023-7-13 1:00:00',3);
insert into package_tour(check_id, hotel_id, date_of_departure, return_date, number_of_people) VALUE (168,12,'2023-3-15 12:30:00','2023-4-8 14:00:00',2);
insert into package_tour(check_id, hotel_id, date_of_departure, return_date, number_of_people) VALUE (169,15,'2023-10-14 20:20:00','2023-10-20 18:00:00',1);
insert into package_tour(check_id, hotel_id, date_of_departure, return_date, number_of_people) VALUE (170,14,'2023-9-1 9:30:00','2023-9-13 16:00:00',1);
insert into package_tour(check_id, hotel_id, date_of_departure, return_date, number_of_people) VALUE (170,9,'2023-8-7 7:20:00','2023-8-28 10:00:00',1);
insert into package_tour(check_id, hotel_id, date_of_departure, return_date, number_of_people) VALUE (171,6,'2023-4-20 1:10:00','2023-4-26 6:00:00',3);
insert into package_tour(check_id, hotel_id, date_of_departure, return_date, number_of_people) VALUE (171,19,'2023-1-19 4:0:00','2023-1-21 17:00:00',3);
insert into package_tour(check_id, hotel_id, date_of_departure, return_date, number_of_people) VALUE (171,9,'2023-7-27 6:40:00','2023-8-20 5:00:00',4);
insert into package_tour(check_id, hotel_id, date_of_departure, return_date, number_of_people) VALUE (172,9,'2023-12-25 12:50:00','2024-1-10 14:00:00',2);
insert into package_tour(check_id, hotel_id, date_of_departure, return_date, number_of_people) VALUE (172,17,'2023-10-17 21:30:00','2023-10-19 19:00:00',25);
insert into package_tour(check_id, hotel_id, date_of_departure, return_date, number_of_people) VALUE (173,14,'2023-2-7 1:20:00','2023-2-9 22:00:00',2);
insert into package_tour(check_id, hotel_id, date_of_departure, return_date, number_of_people) VALUE (174,4,'2023-7-1 16:20:00','2023-7-14 4:00:00',50);
insert into package_tour(check_id, hotel_id, date_of_departure, return_date, number_of_people) VALUE (175,15,'2023-12-17 15:20:00','2024-1-5 1:00:00',10);
insert into package_tour(check_id, hotel_id, date_of_departure, return_date, number_of_people) VALUE (175,9,'2023-1-2 13:40:00','2023-1-4 15:00:00',5);
insert into package_tour(check_id, hotel_id, date_of_departure, return_date, number_of_people) VALUE (175,5,'2023-10-22 4:10:00','2023-10-27 12:00:00',2);
insert into package_tour(check_id, hotel_id, date_of_departure, return_date, number_of_people) VALUE (176,16,'2023-4-5 5:30:00','2023-4-7 22:00:00',4);
insert into package_tour(check_id, hotel_id, date_of_departure, return_date, number_of_people) VALUE (176,4,'2023-6-11 1:40:00','2023-6-13 16:00:00',4);
insert into package_tour(check_id, hotel_id, date_of_departure, return_date, number_of_people) VALUE (176,2,'2023-3-18 19:10:00','2023-3-26 11:00:00',6);
insert into package_tour(check_id, hotel_id, date_of_departure, return_date, number_of_people) VALUE (177,17,'2023-5-16 5:20:00','2023-5-22 23:00:00',1);
insert into package_tour(check_id, hotel_id, date_of_departure, return_date, number_of_people) VALUE (177,2,'2023-12-17 15:30:00','2024-1-4 15:00:00',1);
insert into package_tour(check_id, hotel_id, date_of_departure, return_date, number_of_people) VALUE (177,12,'2023-1-6 9:30:00','2023-1-27 16:00:00',8);
insert into package_tour(check_id, hotel_id, date_of_departure, return_date, number_of_people) VALUE (178,13,'2023-12-21 21:10:00','2023-12-24 5:00:00',2);
insert into package_tour(check_id, hotel_id, date_of_departure, return_date, number_of_people) VALUE (179,3,'2023-12-16 8:40:00','2024-1-2 11:00:00',2);
insert into package_tour(check_id, hotel_id, date_of_departure, return_date, number_of_people) VALUE (180,7,'2023-2-24 12:0:00','2023-3-15 1:00:00',3);
insert into package_tour(check_id, hotel_id, date_of_departure, return_date, number_of_people) VALUE (181,20,'2023-11-6 4:40:00','2023-11-10 2:00:00',5);
insert into package_tour(check_id, hotel_id, date_of_departure, return_date, number_of_people) VALUE (181,18,'2023-9-26 4:10:00','2023-10-15 8:00:00',3);
insert into package_tour(check_id, hotel_id, date_of_departure, return_date, number_of_people) VALUE (181,18,'2023-10-12 5:0:00','2023-11-2 1:00:00',1);
insert into package_tour(check_id, hotel_id, date_of_departure, return_date, number_of_people) VALUE (182,18,'2023-3-17 12:0:00','2023-3-24 0:00:00',50);
insert into package_tour(check_id, hotel_id, date_of_departure, return_date, number_of_people) VALUE (182,20,'2023-7-9 14:20:00','2023-7-25 13:00:00',2);
insert into package_tour(check_id, hotel_id, date_of_departure, return_date, number_of_people) VALUE (182,2,'2023-5-8 18:0:00','2023-5-11 21:00:00',16);
insert into package_tour(check_id, hotel_id, date_of_departure, return_date, number_of_people) VALUE (183,12,'2023-10-26 12:20:00','2023-11-18 22:00:00',4);
insert into package_tour(check_id, hotel_id, date_of_departure, return_date, number_of_people) VALUE (183,18,'2023-2-23 10:50:00','2023-3-11 18:00:00',2);
insert into package_tour(check_id, hotel_id, date_of_departure, return_date, number_of_people) VALUE (184,12,'2023-3-23 8:30:00','2023-4-8 12:00:00',3);
insert into package_tour(check_id, hotel_id, date_of_departure, return_date, number_of_people) VALUE (185,15,'2023-4-3 8:0:00','2023-4-15 16:00:00',3);
insert into package_tour(check_id, hotel_id, date_of_departure, return_date, number_of_people) VALUE (185,7,'2023-11-26 5:20:00','2023-12-1 12:00:00',50);
insert into package_tour(check_id, hotel_id, date_of_departure, return_date, number_of_people) VALUE (186,3,'2023-12-7 12:30:00','2023-12-22 5:00:00',3);
insert into package_tour(check_id, hotel_id, date_of_departure, return_date, number_of_people) VALUE (187,6,'2023-9-12 5:0:00','2023-9-19 21:00:00',7);
insert into package_tour(check_id, hotel_id, date_of_departure, return_date, number_of_people) VALUE (187,16,'2023-8-27 2:50:00','2023-9-18 19:00:00',1);
insert into package_tour(check_id, hotel_id, date_of_departure, return_date, number_of_people) VALUE (187,16,'2023-12-2 5:30:00','2023-12-22 2:00:00',2);
insert into package_tour(check_id, hotel_id, date_of_departure, return_date, number_of_people) VALUE (188,12,'2023-9-16 9:50:00','2023-9-22 14:00:00',3);
insert into package_tour(check_id, hotel_id, date_of_departure, return_date, number_of_people) VALUE (189,12,'2023-3-23 7:0:00','2023-3-28 3:00:00',2);
insert into package_tour(check_id, hotel_id, date_of_departure, return_date, number_of_people) VALUE (189,12,'2023-1-2 0:10:00','2023-1-11 13:00:00',50);
insert into package_tour(check_id, hotel_id, date_of_departure, return_date, number_of_people) VALUE (189,3,'2023-4-18 6:30:00','2023-4-27 13:00:00',2);
insert into package_tour(check_id, hotel_id, date_of_departure, return_date, number_of_people) VALUE (190,17,'2023-6-12 0:10:00','2023-7-4 12:00:00',1);
insert into package_tour(check_id, hotel_id, date_of_departure, return_date, number_of_people) VALUE (190,15,'2023-1-27 1:30:00','2023-2-20 19:00:00',3);
insert into package_tour(check_id, hotel_id, date_of_departure, return_date, number_of_people) VALUE (190,12,'2023-6-24 6:30:00','2023-7-13 15:00:00',2);
insert into package_tour(check_id, hotel_id, date_of_departure, return_date, number_of_people) VALUE (191,5,'2023-8-2 18:40:00','2023-8-11 13:00:00',2);
insert into package_tour(check_id, hotel_id, date_of_departure, return_date, number_of_people) VALUE (191,2,'2023-2-2 6:20:00','2023-2-15 22:00:00',10);
insert into package_tour(check_id, hotel_id, date_of_departure, return_date, number_of_people) VALUE (191,8,'2023-9-10 6:30:00','2023-9-20 21:00:00',2);
insert into package_tour(check_id, hotel_id, date_of_departure, return_date, number_of_people) VALUE (192,9,'2023-10-4 6:10:00','2023-10-22 8:00:00',2);
insert into package_tour(check_id, hotel_id, date_of_departure, return_date, number_of_people) VALUE (193,7,'2023-5-23 8:50:00','2023-6-7 13:00:00',2);
insert into package_tour(check_id, hotel_id, date_of_departure, return_date, number_of_people) VALUE (193,15,'2023-2-17 16:10:00','2023-2-21 15:00:00',7);
insert into package_tour(check_id, hotel_id, date_of_departure, return_date, number_of_people) VALUE (193,13,'2023-12-19 10:20:00','2023-12-24 13:00:00',2);
insert into package_tour(check_id, hotel_id, date_of_departure, return_date, number_of_people) VALUE (194,19,'2023-3-8 11:10:00','2023-3-17 16:00:00',2);
insert into package_tour(check_id, hotel_id, date_of_departure, return_date, number_of_people) VALUE (195,17,'2023-10-21 21:0:00','2023-11-7 5:00:00',8);
insert into package_tour(check_id, hotel_id, date_of_departure, return_date, number_of_people) VALUE (196,2,'2023-11-1 15:50:00','2023-11-13 13:00:00',16);
insert into package_tour(check_id, hotel_id, date_of_departure, return_date, number_of_people) VALUE (196,3,'2023-4-9 2:0:00','2023-4-15 18:00:00',3);
insert into package_tour(check_id, hotel_id, date_of_departure, return_date, number_of_people) VALUE (197,10,'2023-4-7 16:40:00','2023-4-23 23:00:00',2);
insert into package_tour(check_id, hotel_id, date_of_departure, return_date, number_of_people) VALUE (197,18,'2023-2-2 5:50:00','2023-2-18 22:00:00',2);
insert into package_tour(check_id, hotel_id, date_of_departure, return_date, number_of_people) VALUE (198,7,'2023-11-23 21:10:00','2023-12-3 6:00:00',2);
insert into package_tour(check_id, hotel_id, date_of_departure, return_date, number_of_people) VALUE (198,9,'2023-3-17 7:50:00','2023-3-20 13:00:00',2);
insert into package_tour(check_id, hotel_id, date_of_departure, return_date, number_of_people) VALUE (199,12,'2023-11-17 16:50:00','2023-11-21 15:00:00',12);
insert into package_tour(check_id, hotel_id, date_of_departure, return_date, number_of_people) VALUE (199,19,'2023-7-9 15:50:00','2023-7-15 22:00:00',2);
insert into package_tour(check_id, hotel_id, date_of_departure, return_date, number_of_people) VALUE (199,9,'2023-10-9 15:10:00','2023-11-2 20:00:00',2);
insert into package_tour(check_id, hotel_id, date_of_departure, return_date, number_of_people) VALUE (200,12,'2023-8-21 18:10:00','2023-9-8 16:00:00',3);
insert into package_tour(check_id, hotel_id, date_of_departure, return_date, number_of_people) VALUE (200,20,'2023-12-9 18:10:00','2023-12-26 11:00:00',7);
insert into package_tour(check_id, hotel_id, date_of_departure, return_date, number_of_people) VALUE (201,8,'2023-7-12 11:40:00','2023-7-21 13:00:00',2);
insert into package_tour(check_id, hotel_id, date_of_departure, return_date, number_of_people) VALUE (201,20,'2023-11-20 11:20:00','2023-12-3 10:00:00',2);
insert into package_tour(check_id, hotel_id, date_of_departure, return_date, number_of_people) VALUE (202,4,'2023-2-18 8:30:00','2023-2-23 3:00:00',4);
insert into package_tour(check_id, hotel_id, date_of_departure, return_date, number_of_people) VALUE (202,2,'2023-11-12 16:10:00','2023-11-27 2:00:00',50);
insert into package_tour(check_id, hotel_id, date_of_departure, return_date, number_of_people) VALUE (203,20,'2023-5-12 17:30:00','2023-6-5 18:00:00',16);
insert into package_tour(check_id, hotel_id, date_of_departure, return_date, number_of_people) VALUE (203,8,'2023-7-24 9:10:00','2023-8-10 10:00:00',2);
insert into package_tour(check_id, hotel_id, date_of_departure, return_date, number_of_people) VALUE (204,2,'2023-4-1 22:20:00','2023-4-16 22:00:00',7);
insert into package_tour(check_id, hotel_id, date_of_departure, return_date, number_of_people) VALUE (205,19,'2023-2-16 15:20:00','2023-3-9 18:00:00',2);
insert into package_tour(check_id, hotel_id, date_of_departure, return_date, number_of_people) VALUE (205,17,'2023-9-16 10:40:00','2023-9-24 14:00:00',4);
insert into package_tour(check_id, hotel_id, date_of_departure, return_date, number_of_people) VALUE (205,14,'2023-5-6 5:0:00','2023-5-8 22:00:00',4);
insert into package_tour(check_id, hotel_id, date_of_departure, return_date, number_of_people) VALUE (206,16,'2023-5-26 3:20:00','2023-6-18 6:00:00',2);
insert into package_tour(check_id, hotel_id, date_of_departure, return_date, number_of_people) VALUE (207,7,'2023-1-13 2:30:00','2023-1-17 23:00:00',2);
insert into package_tour(check_id, hotel_id, date_of_departure, return_date, number_of_people) VALUE (207,9,'2023-6-9 17:0:00','2023-6-18 14:00:00',2);
insert into package_tour(check_id, hotel_id, date_of_departure, return_date, number_of_people) VALUE (207,17,'2023-5-19 4:50:00','2023-5-27 9:00:00',1);
insert into package_tour(check_id, hotel_id, date_of_departure, return_date, number_of_people) VALUE (208,20,'2023-11-26 12:0:00','2023-12-9 20:00:00',5);
insert into package_tour(check_id, hotel_id, date_of_departure, return_date, number_of_people) VALUE (208,2,'2023-10-6 18:50:00','2023-10-21 14:00:00',2);
insert into package_tour(check_id, hotel_id, date_of_departure, return_date, number_of_people) VALUE (208,12,'2023-8-2 1:0:00','2023-8-15 16:00:00',5);
insert into package_tour(check_id, hotel_id, date_of_departure, return_date, number_of_people) VALUE (209,14,'2023-7-18 11:50:00','2023-8-6 3:00:00',5);
insert into package_tour(check_id, hotel_id, date_of_departure, return_date, number_of_people) VALUE (210,9,'2023-3-28 16:20:00','2023-4-3 11:00:00',7);
insert into package_tour(check_id, hotel_id, date_of_departure, return_date, number_of_people) VALUE (210,17,'2023-5-7 9:40:00','2023-5-13 12:00:00',4);
insert into package_tour(check_id, hotel_id, date_of_departure, return_date, number_of_people) VALUE (210,20,'2023-3-24 17:40:00','2023-4-1 12:00:00',50);
insert into package_tour(check_id, hotel_id, date_of_departure, return_date, number_of_people) VALUE (211,8,'2023-1-11 23:30:00','2023-1-27 14:00:00',50);
insert into package_tour(check_id, hotel_id, date_of_departure, return_date, number_of_people) VALUE (211,7,'2023-12-10 19:0:00','2023-12-26 19:00:00',1);
insert into package_tour(check_id, hotel_id, date_of_departure, return_date, number_of_people) VALUE (211,10,'2023-12-21 19:40:00','2024-1-11 0:00:00',16);
insert into package_tour(check_id, hotel_id, date_of_departure, return_date, number_of_people) VALUE (212,13,'2023-1-5 13:10:00','2023-1-7 13:00:00',2);
insert into package_tour(check_id, hotel_id, date_of_departure, return_date, number_of_people) VALUE (212,3,'2023-6-10 7:20:00','2023-6-12 23:00:00',2);
insert into package_tour(check_id, hotel_id, date_of_departure, return_date, number_of_people) VALUE (213,6,'2023-4-9 16:10:00','2023-4-21 14:00:00',2);
insert into package_tour(check_id, hotel_id, date_of_departure, return_date, number_of_people) VALUE (213,6,'2023-2-2 11:0:00','2023-2-22 1:00:00',2);
insert into package_tour(check_id, hotel_id, date_of_departure, return_date, number_of_people) VALUE (213,19,'2023-1-4 9:30:00','2023-1-10 3:00:00',8);
insert into package_tour(check_id, hotel_id, date_of_departure, return_date, number_of_people) VALUE (214,16,'2023-12-3 7:30:00','2023-12-24 16:00:00',2);
insert into package_tour(check_id, hotel_id, date_of_departure, return_date, number_of_people) VALUE (215,17,'2023-2-3 0:30:00','2023-2-19 18:00:00',3);
insert into package_tour(check_id, hotel_id, date_of_departure, return_date, number_of_people) VALUE (215,18,'2023-10-22 21:30:00','2023-11-15 16:00:00',10);
insert into package_tour(check_id, hotel_id, date_of_departure, return_date, number_of_people) VALUE (216,5,'2023-1-4 11:30:00','2023-1-19 2:00:00',1);
insert into package_tour(check_id, hotel_id, date_of_departure, return_date, number_of_people) VALUE (217,6,'2023-4-21 10:40:00','2023-5-13 18:00:00',5);
insert into package_tour(check_id, hotel_id, date_of_departure, return_date, number_of_people) VALUE (217,20,'2023-3-13 21:10:00','2023-4-4 6:00:00',6);
insert into package_tour(check_id, hotel_id, date_of_departure, return_date, number_of_people) VALUE (217,20,'2023-5-10 12:30:00','2023-5-20 16:00:00',2);
insert into package_tour(check_id, hotel_id, date_of_departure, return_date, number_of_people) VALUE (218,20,'2023-8-1 11:10:00','2023-8-6 1:00:00',3);
insert into package_tour(check_id, hotel_id, date_of_departure, return_date, number_of_people) VALUE (218,20,'2023-11-6 12:20:00','2023-11-15 11:00:00',2);
insert into package_tour(check_id, hotel_id, date_of_departure, return_date, number_of_people) VALUE (219,15,'2023-4-17 0:0:00','2023-4-19 15:00:00',1);
insert into package_tour(check_id, hotel_id, date_of_departure, return_date, number_of_people) VALUE (219,10,'2023-1-27 6:40:00','2023-2-11 16:00:00',3);
insert into package_tour(check_id, hotel_id, date_of_departure, return_date, number_of_people) VALUE (219,18,'2023-9-3 9:10:00','2023-9-14 23:00:00',2);
insert into package_tour(check_id, hotel_id, date_of_departure, return_date, number_of_people) VALUE (220,11,'2023-8-10 21:10:00','2023-8-12 9:00:00',4);
insert into package_tour(check_id, hotel_id, date_of_departure, return_date, number_of_people) VALUE (220,8,'2023-2-27 3:30:00','2023-3-10 18:00:00',1);
insert into package_tour(check_id, hotel_id, date_of_departure, return_date, number_of_people) VALUE (220,4,'2023-3-1 0:20:00','2023-3-18 19:00:00',5);
insert into package_tour(check_id, hotel_id, date_of_departure, return_date, number_of_people) VALUE (221,3,'2023-6-28 9:10:00','2023-7-18 2:00:00',2);
insert into package_tour(check_id, hotel_id, date_of_departure, return_date, number_of_people) VALUE (221,12,'2023-7-24 7:0:00','2023-8-3 12:00:00',1);
insert into package_tour(check_id, hotel_id, date_of_departure, return_date, number_of_people) VALUE (222,8,'2023-12-6 3:20:00','2023-12-23 23:00:00',4);
insert into package_tour(check_id, hotel_id, date_of_departure, return_date, number_of_people) VALUE (222,2,'2023-12-19 14:0:00','2023-12-27 9:00:00',50);
insert into package_tour(check_id, hotel_id, date_of_departure, return_date, number_of_people) VALUE (222,15,'2023-11-9 5:20:00','2023-11-25 18:00:00',16);
insert into package_tour(check_id, hotel_id, date_of_departure, return_date, number_of_people) VALUE (223,8,'2023-12-17 22:10:00','2023-12-24 1:00:00',25);
insert into package_tour(check_id, hotel_id, date_of_departure, return_date, number_of_people) VALUE (223,1,'2023-1-12 20:50:00','2023-1-19 6:00:00',7);
insert into package_tour(check_id, hotel_id, date_of_departure, return_date, number_of_people) VALUE (224,1,'2023-1-1 6:50:00','2023-1-16 15:00:00',16);
insert into package_tour(check_id, hotel_id, date_of_departure, return_date, number_of_people) VALUE (224,9,'2023-11-18 16:50:00','2023-12-4 22:00:00',5);
insert into package_tour(check_id, hotel_id, date_of_departure, return_date, number_of_people) VALUE (224,13,'2023-5-13 14:40:00','2023-6-5 15:00:00',3);
insert into package_tour(check_id, hotel_id, date_of_departure, return_date, number_of_people) VALUE (225,3,'2023-10-8 8:10:00','2023-10-24 0:00:00',50);
insert into package_tour(check_id, hotel_id, date_of_departure, return_date, number_of_people) VALUE (225,10,'2023-6-15 18:10:00','2023-6-19 20:00:00',2);
insert into package_tour(check_id, hotel_id, date_of_departure, return_date, number_of_people) VALUE (226,20,'2023-11-20 16:40:00','2023-12-4 6:00:00',3);
insert into package_tour(check_id, hotel_id, date_of_departure, return_date, number_of_people) VALUE (226,4,'2023-5-12 10:30:00','2023-5-25 4:00:00',3);
insert into package_tour(check_id, hotel_id, date_of_departure, return_date, number_of_people) VALUE (226,18,'2023-3-25 21:0:00','2023-4-5 19:00:00',1);
insert into package_tour(check_id, hotel_id, date_of_departure, return_date, number_of_people) VALUE (227,7,'2023-6-1 17:0:00','2023-6-4 0:00:00',10);
insert into package_tour(check_id, hotel_id, date_of_departure, return_date, number_of_people) VALUE (227,6,'2023-7-10 22:40:00','2023-7-16 5:00:00',2);
insert into package_tour(check_id, hotel_id, date_of_departure, return_date, number_of_people) VALUE (227,7,'2023-10-12 18:50:00','2023-11-2 15:00:00',2);
insert into package_tour(check_id, hotel_id, date_of_departure, return_date, number_of_people) VALUE (228,11,'2023-6-12 14:20:00','2023-6-26 19:00:00',2);
insert into package_tour(check_id, hotel_id, date_of_departure, return_date, number_of_people) VALUE (228,6,'2023-4-8 19:50:00','2023-4-12 3:00:00',2);
insert into package_tour(check_id, hotel_id, date_of_departure, return_date, number_of_people) VALUE (228,17,'2023-5-13 11:50:00','2023-5-25 15:00:00',2);
insert into package_tour(check_id, hotel_id, date_of_departure, return_date, number_of_people) VALUE (229,18,'2023-7-24 18:20:00','2023-8-4 13:00:00',1);
insert into package_tour(check_id, hotel_id, date_of_departure, return_date, number_of_people) VALUE (229,4,'2023-10-24 13:50:00','2023-11-14 13:00:00',4);
insert into package_tour(check_id, hotel_id, date_of_departure, return_date, number_of_people) VALUE (229,13,'2023-6-16 7:50:00','2023-7-7 19:00:00',2);
insert into package_tour(check_id, hotel_id, date_of_departure, return_date, number_of_people) VALUE (230,1,'2023-5-11 4:30:00','2023-6-1 16:00:00',2);
insert into package_tour(check_id, hotel_id, date_of_departure, return_date, number_of_people) VALUE (230,14,'2023-6-21 23:50:00','2023-7-5 19:00:00',2);
insert into package_tour(check_id, hotel_id, date_of_departure, return_date, number_of_people) VALUE (230,4,'2023-4-12 15:30:00','2023-4-25 14:00:00',2);
insert into package_tour(check_id, hotel_id, date_of_departure, return_date, number_of_people) VALUE (231,14,'2023-9-7 16:50:00','2023-9-15 19:00:00',8);
insert into package_tour(check_id, hotel_id, date_of_departure, return_date, number_of_people) VALUE (231,7,'2023-8-7 16:50:00','2023-8-18 9:00:00',2);
insert into package_tour(check_id, hotel_id, date_of_departure, return_date, number_of_people) VALUE (232,9,'2023-1-6 22:50:00','2023-1-9 23:00:00',2);
insert into package_tour(check_id, hotel_id, date_of_departure, return_date, number_of_people) VALUE (232,20,'2023-7-22 13:50:00','2023-8-7 16:00:00',25);
insert into package_tour(check_id, hotel_id, date_of_departure, return_date, number_of_people) VALUE (232,12,'2023-7-2 19:0:00','2023-7-23 13:00:00',4);
insert into package_tour(check_id, hotel_id, date_of_departure, return_date, number_of_people) VALUE (233,8,'2023-3-1 21:50:00','2023-3-6 7:00:00',10);
insert into package_tour(check_id, hotel_id, date_of_departure, return_date, number_of_people) VALUE (233,5,'2023-6-23 4:0:00','2023-6-25 23:00:00',3);
insert into package_tour(check_id, hotel_id, date_of_departure, return_date, number_of_people) VALUE (233,3,'2023-6-20 18:20:00','2023-7-9 17:00:00',50);
insert into package_tour(check_id, hotel_id, date_of_departure, return_date, number_of_people) VALUE (234,19,'2023-7-12 12:30:00','2023-7-14 18:00:00',1);
insert into package_tour(check_id, hotel_id, date_of_departure, return_date, number_of_people) VALUE (234,18,'2023-6-4 21:20:00','2023-6-15 16:00:00',2);
insert into package_tour(check_id, hotel_id, date_of_departure, return_date, number_of_people) VALUE (234,18,'2023-10-18 21:30:00','2023-11-3 9:00:00',2);
insert into package_tour(check_id, hotel_id, date_of_departure, return_date, number_of_people) VALUE (235,2,'2023-9-18 1:50:00','2023-9-22 9:00:00',2);
insert into package_tour(check_id, hotel_id, date_of_departure, return_date, number_of_people) VALUE (235,13,'2023-10-18 0:40:00','2023-11-5 20:00:00',3);
insert into package_tour(check_id, hotel_id, date_of_departure, return_date, number_of_people) VALUE (235,2,'2023-9-12 11:10:00','2023-9-28 13:00:00',8);
insert into package_tour(check_id, hotel_id, date_of_departure, return_date, number_of_people) VALUE (236,6,'2023-10-19 9:0:00','2023-10-25 0:00:00',1);
insert into package_tour(check_id, hotel_id, date_of_departure, return_date, number_of_people) VALUE (236,20,'2023-9-3 16:50:00','2023-9-23 9:00:00',3);
insert into package_tour(check_id, hotel_id, date_of_departure, return_date, number_of_people) VALUE (236,11,'2023-12-6 17:10:00','2023-12-21 8:00:00',2);
insert into package_tour(check_id, hotel_id, date_of_departure, return_date, number_of_people) VALUE (237,8,'2023-9-13 15:10:00','2023-9-20 14:00:00',16);
insert into package_tour(check_id, hotel_id, date_of_departure, return_date, number_of_people) VALUE (237,2,'2023-11-23 0:0:00','2023-12-16 20:00:00',10);
insert into package_tour(check_id, hotel_id, date_of_departure, return_date, number_of_people) VALUE (237,9,'2023-10-17 19:50:00','2023-10-22 21:00:00',16);
insert into package_tour(check_id, hotel_id, date_of_departure, return_date, number_of_people) VALUE (238,7,'2023-5-17 5:20:00','2023-6-1 13:00:00',1);
insert into package_tour(check_id, hotel_id, date_of_departure, return_date, number_of_people) VALUE (238,8,'2023-11-17 15:50:00','2023-11-28 11:00:00',4);
insert into package_tour(check_id, hotel_id, date_of_departure, return_date, number_of_people) VALUE (239,19,'2023-11-9 18:50:00','2023-12-2 19:00:00',16);
insert into package_tour(check_id, hotel_id, date_of_departure, return_date, number_of_people) VALUE (239,3,'2023-11-6 0:0:00','2023-11-10 6:00:00',25);
insert into package_tour(check_id, hotel_id, date_of_departure, return_date, number_of_people) VALUE (240,6,'2023-1-14 23:30:00','2023-1-16 19:00:00',2);
insert into package_tour(check_id, hotel_id, date_of_departure, return_date, number_of_people) VALUE (240,6,'2023-10-28 20:10:00','2023-11-6 3:00:00',16);
insert into package_tour(check_id, hotel_id, date_of_departure, return_date, number_of_people) VALUE (240,6,'2023-8-15 9:0:00','2023-8-27 4:00:00',2);
insert into package_tour(check_id, hotel_id, date_of_departure, return_date, number_of_people) VALUE (241,14,'2023-3-28 8:20:00','2023-4-7 18:00:00',2);
insert into package_tour(check_id, hotel_id, date_of_departure, return_date, number_of_people) VALUE (241,20,'2023-5-5 19:10:00','2023-5-9 0:00:00',1);
insert into package_tour(check_id, hotel_id, date_of_departure, return_date, number_of_people) VALUE (241,18,'2023-11-25 6:20:00','2023-12-9 12:00:00',2);
insert into package_tour(check_id, hotel_id, date_of_departure, return_date, number_of_people) VALUE (242,16,'2023-7-14 3:40:00','2023-7-16 8:00:00',3);
insert into package_tour(check_id, hotel_id, date_of_departure, return_date, number_of_people) VALUE (243,7,'2023-10-2 19:50:00','2023-10-14 18:00:00',1);
insert into package_tour(check_id, hotel_id, date_of_departure, return_date, number_of_people) VALUE (243,2,'2023-3-24 9:30:00','2023-4-7 16:00:00',50);
insert into package_tour(check_id, hotel_id, date_of_departure, return_date, number_of_people) VALUE (244,11,'2023-4-11 1:40:00','2023-4-27 19:00:00',4);
insert into package_tour(check_id, hotel_id, date_of_departure, return_date, number_of_people) VALUE (244,14,'2023-6-3 11:20:00','2023-6-24 4:00:00',7);
insert into package_tour(check_id, hotel_id, date_of_departure, return_date, number_of_people) VALUE (244,1,'2023-1-4 19:0:00','2023-1-13 3:00:00',5);
insert into package_tour(check_id, hotel_id, date_of_departure, return_date, number_of_people) VALUE (245,8,'2023-12-3 6:50:00','2023-12-13 17:00:00',5);
insert into package_tour(check_id, hotel_id, date_of_departure, return_date, number_of_people) VALUE (245,2,'2023-6-6 23:30:00','2023-6-13 1:00:00',2);
insert into package_tour(check_id, hotel_id, date_of_departure, return_date, number_of_people) VALUE (246,16,'2023-5-24 11:40:00','2023-6-16 7:00:00',3);
insert into package_tour(check_id, hotel_id, date_of_departure, return_date, number_of_people) VALUE (246,4,'2023-11-27 6:30:00','2023-12-16 5:00:00',1);
insert into package_tour(check_id, hotel_id, date_of_departure, return_date, number_of_people) VALUE (246,12,'2023-2-24 15:10:00','2023-3-7 0:00:00',5);
insert into package_tour(check_id, hotel_id, date_of_departure, return_date, number_of_people) VALUE (247,6,'2023-3-12 6:30:00','2023-3-19 14:00:00',2);
insert into package_tour(check_id, hotel_id, date_of_departure, return_date, number_of_people) VALUE (248,8,'2023-1-11 8:50:00','2023-1-13 16:00:00',2);
insert into package_tour(check_id, hotel_id, date_of_departure, return_date, number_of_people) VALUE (249,19,'2023-4-5 0:40:00','2023-4-15 16:00:00',2);
insert into package_tour(check_id, hotel_id, date_of_departure, return_date, number_of_people) VALUE (249,8,'2023-6-27 3:20:00','2023-7-12 15:00:00',6);
insert into package_tour(check_id, hotel_id, date_of_departure, return_date, number_of_people) VALUE (250,19,'2023-3-23 6:0:00','2023-4-14 2:00:00',3);
insert into package_tour(check_id, hotel_id, date_of_departure, return_date, number_of_people) VALUE (250,4,'2023-9-10 12:30:00','2023-10-2 9:00:00',2);
insert into package_tour(check_id, hotel_id, date_of_departure, return_date, number_of_people) VALUE (251,4,'2023-6-7 3:40:00','2023-6-25 13:00:00',2);
insert into package_tour(check_id, hotel_id, date_of_departure, return_date, number_of_people) VALUE (251,16,'2023-12-4 22:50:00','2023-12-12 18:00:00',3);
insert into package_tour(check_id, hotel_id, date_of_departure, return_date, number_of_people) VALUE (252,12,'2023-9-15 6:20:00','2023-10-8 17:00:00',3);
insert into package_tour(check_id, hotel_id, date_of_departure, return_date, number_of_people) VALUE (253,5,'2023-3-20 9:50:00','2023-3-23 16:00:00',12);
insert into package_tour(check_id, hotel_id, date_of_departure, return_date, number_of_people) VALUE (253,13,'2023-5-23 10:20:00','2023-6-13 23:00:00',2);
insert into package_tour(check_id, hotel_id, date_of_departure, return_date, number_of_people) VALUE (254,11,'2023-11-21 21:50:00','2023-12-10 18:00:00',10);
insert into package_tour(check_id, hotel_id, date_of_departure, return_date, number_of_people) VALUE (254,17,'2023-5-22 10:50:00','2023-6-13 19:00:00',3);
insert into package_tour(check_id, hotel_id, date_of_departure, return_date, number_of_people) VALUE (255,12,'2023-9-28 10:50:00','2023-10-21 15:00:00',5);
insert into package_tour(check_id, hotel_id, date_of_departure, return_date, number_of_people) VALUE (255,10,'2023-9-19 0:10:00','2023-9-21 23:00:00',2);
insert into package_tour(check_id, hotel_id, date_of_departure, return_date, number_of_people) VALUE (255,17,'2023-9-13 15:50:00','2023-9-24 19:00:00',2);
insert into package_tour(check_id, hotel_id, date_of_departure, return_date, number_of_people) VALUE (256,11,'2023-11-20 7:10:00','2023-11-22 14:00:00',25);
insert into package_tour(check_id, hotel_id, date_of_departure, return_date, number_of_people) VALUE (257,7,'2023-5-15 19:30:00','2023-5-19 16:00:00',3);
insert into package_tour(check_id, hotel_id, date_of_departure, return_date, number_of_people) VALUE (257,11,'2023-1-10 2:50:00','2023-1-17 13:00:00',2);
insert into package_tour(check_id, hotel_id, date_of_departure, return_date, number_of_people) VALUE (258,18,'2023-11-24 21:30:00','2023-11-26 15:00:00',2);
insert into package_tour(check_id, hotel_id, date_of_departure, return_date, number_of_people) VALUE (258,15,'2023-2-8 5:30:00','2023-2-12 8:00:00',3);
insert into package_tour(check_id, hotel_id, date_of_departure, return_date, number_of_people) VALUE (258,15,'2023-8-19 10:40:00','2023-9-1 20:00:00',4);
insert into package_tour(check_id, hotel_id, date_of_departure, return_date, number_of_people) VALUE (259,20,'2023-7-22 13:0:00','2023-8-13 5:00:00',1);
insert into package_tour(check_id, hotel_id, date_of_departure, return_date, number_of_people) VALUE (259,20,'2023-7-5 16:20:00','2023-7-9 19:00:00',50);
insert into package_tour(check_id, hotel_id, date_of_departure, return_date, number_of_people) VALUE (259,8,'2023-2-22 22:50:00','2023-3-11 7:00:00',2);
insert into package_tour(check_id, hotel_id, date_of_departure, return_date, number_of_people) VALUE (260,11,'2023-1-16 15:40:00','2023-2-9 21:00:00',2);
insert into package_tour(check_id, hotel_id, date_of_departure, return_date, number_of_people) VALUE (261,9,'2023-10-20 2:0:00','2023-10-23 22:00:00',16);
insert into package_tour(check_id, hotel_id, date_of_departure, return_date, number_of_people) VALUE (262,19,'2023-1-26 19:40:00','2023-2-16 18:00:00',25);
insert into package_tour(check_id, hotel_id, date_of_departure, return_date, number_of_people) VALUE (263,7,'2023-12-12 17:30:00','2023-12-16 1:00:00',6);
insert into package_tour(check_id, hotel_id, date_of_departure, return_date, number_of_people) VALUE (263,11,'2023-7-9 6:0:00','2023-7-11 11:00:00',10);
insert into package_tour(check_id, hotel_id, date_of_departure, return_date, number_of_people) VALUE (264,9,'2023-7-13 2:10:00','2023-7-24 8:00:00',1);
insert into package_tour(check_id, hotel_id, date_of_departure, return_date, number_of_people) VALUE (265,10,'2023-9-15 12:10:00','2023-10-5 5:00:00',1);
insert into package_tour(check_id, hotel_id, date_of_departure, return_date, number_of_people) VALUE (265,1,'2023-12-15 17:50:00','2023-12-22 0:00:00',3);
insert into package_tour(check_id, hotel_id, date_of_departure, return_date, number_of_people) VALUE (266,12,'2023-8-8 20:50:00','2023-8-13 12:00:00',3);
insert into package_tour(check_id, hotel_id, date_of_departure, return_date, number_of_people) VALUE (266,7,'2023-10-12 10:0:00','2023-10-17 6:00:00',3);
insert into package_tour(check_id, hotel_id, date_of_departure, return_date, number_of_people) VALUE (266,6,'2023-6-9 11:40:00','2023-6-11 18:00:00',1);
insert into package_tour(check_id, hotel_id, date_of_departure, return_date, number_of_people) VALUE (267,17,'2023-9-6 5:0:00','2023-9-12 16:00:00',1);
insert into package_tour(check_id, hotel_id, date_of_departure, return_date, number_of_people) VALUE (267,1,'2023-3-11 14:0:00','2023-4-4 5:00:00',3);
insert into package_tour(check_id, hotel_id, date_of_departure, return_date, number_of_people) VALUE (267,11,'2023-4-11 10:10:00','2023-4-26 16:00:00',2);
insert into package_tour(check_id, hotel_id, date_of_departure, return_date, number_of_people) VALUE (268,18,'2023-4-1 20:10:00','2023-4-14 6:00:00',2);
insert into package_tour(check_id, hotel_id, date_of_departure, return_date, number_of_people) VALUE (268,9,'2023-9-4 8:10:00','2023-9-16 19:00:00',3);
insert into package_tour(check_id, hotel_id, date_of_departure, return_date, number_of_people) VALUE (268,5,'2023-4-4 16:20:00','2023-4-18 14:00:00',2);
insert into package_tour(check_id, hotel_id, date_of_departure, return_date, number_of_people) VALUE (269,6,'2023-3-27 23:30:00','2023-4-8 10:00:00',2);
insert into package_tour(check_id, hotel_id, date_of_departure, return_date, number_of_people) VALUE (269,13,'2023-10-4 18:40:00','2023-10-19 19:00:00',2);
insert into package_tour(check_id, hotel_id, date_of_departure, return_date, number_of_people) VALUE (269,14,'2023-12-23 9:10:00','2024-1-5 1:00:00',2);
insert into package_tour(check_id, hotel_id, date_of_departure, return_date, number_of_people) VALUE (270,15,'2023-12-8 0:20:00','2023-12-25 12:00:00',5);
insert into package_tour(check_id, hotel_id, date_of_departure, return_date, number_of_people) VALUE (270,8,'2023-12-26 17:10:00','2024-1-10 13:00:00',3);
insert into package_tour(check_id, hotel_id, date_of_departure, return_date, number_of_people) VALUE (271,10,'2023-5-20 8:0:00','2023-6-5 7:00:00',1);
insert into package_tour(check_id, hotel_id, date_of_departure, return_date, number_of_people) VALUE (272,13,'2023-11-10 21:10:00','2023-12-2 17:00:00',1);
insert into package_tour(check_id, hotel_id, date_of_departure, return_date, number_of_people) VALUE (273,14,'2023-9-4 20:40:00','2023-9-18 17:00:00',2);
insert into package_tour(check_id, hotel_id, date_of_departure, return_date, number_of_people) VALUE (273,18,'2023-12-2 2:10:00','2023-12-7 15:00:00',2);
insert into package_tour(check_id, hotel_id, date_of_departure, return_date, number_of_people) VALUE (274,3,'2023-11-2 14:40:00','2023-11-15 13:00:00',2);
insert into package_tour(check_id, hotel_id, date_of_departure, return_date, number_of_people) VALUE (275,6,'2023-10-28 14:40:00','2023-11-16 8:00:00',1);
insert into package_tour(check_id, hotel_id, date_of_departure, return_date, number_of_people) VALUE (276,4,'2023-2-21 10:0:00','2023-3-12 16:00:00',10);
insert into package_tour(check_id, hotel_id, date_of_departure, return_date, number_of_people) VALUE (276,6,'2023-6-23 4:10:00','2023-7-2 13:00:00',2);
insert into package_tour(check_id, hotel_id, date_of_departure, return_date, number_of_people) VALUE (277,19,'2023-10-20 18:20:00','2023-10-26 4:00:00',1);
insert into package_tour(check_id, hotel_id, date_of_departure, return_date, number_of_people) VALUE (277,17,'2023-2-21 4:20:00','2023-3-2 6:00:00',2);
insert into package_tour(check_id, hotel_id, date_of_departure, return_date, number_of_people) VALUE (278,5,'2023-7-10 21:0:00','2023-7-22 18:00:00',3);
insert into package_tour(check_id, hotel_id, date_of_departure, return_date, number_of_people) VALUE (279,15,'2023-10-27 16:10:00','2023-11-7 16:00:00',3);
insert into package_tour(check_id, hotel_id, date_of_departure, return_date, number_of_people) VALUE (280,16,'2023-5-10 0:50:00','2023-5-28 12:00:00',3);
insert into package_tour(check_id, hotel_id, date_of_departure, return_date, number_of_people) VALUE (280,16,'2023-4-16 1:40:00','2023-5-3 8:00:00',2);
insert into package_tour(check_id, hotel_id, date_of_departure, return_date, number_of_people) VALUE (281,15,'2023-7-13 2:30:00','2023-7-19 23:00:00',3);
insert into package_tour(check_id, hotel_id, date_of_departure, return_date, number_of_people) VALUE (281,13,'2023-3-6 18:40:00','2023-3-9 6:00:00',2);
insert into package_tour(check_id, hotel_id, date_of_departure, return_date, number_of_people) VALUE (281,15,'2023-6-2 0:20:00','2023-6-12 12:00:00',8);
insert into package_tour(check_id, hotel_id, date_of_departure, return_date, number_of_people) VALUE (282,14,'2023-10-6 16:30:00','2023-10-10 23:00:00',2);
insert into package_tour(check_id, hotel_id, date_of_departure, return_date, number_of_people) VALUE (282,10,'2023-9-10 5:20:00','2023-9-16 23:00:00',16);
insert into package_tour(check_id, hotel_id, date_of_departure, return_date, number_of_people) VALUE (282,15,'2023-12-3 16:30:00','2023-12-7 12:00:00',2);
insert into package_tour(check_id, hotel_id, date_of_departure, return_date, number_of_people) VALUE (283,4,'2023-5-2 0:20:00','2023-5-15 5:00:00',16);
insert into package_tour(check_id, hotel_id, date_of_departure, return_date, number_of_people) VALUE (283,4,'2023-2-14 1:30:00','2023-2-20 14:00:00',50);
insert into package_tour(check_id, hotel_id, date_of_departure, return_date, number_of_people) VALUE (284,9,'2023-7-20 14:40:00','2023-8-6 11:00:00',10);
insert into package_tour(check_id, hotel_id, date_of_departure, return_date, number_of_people) VALUE (285,9,'2023-6-16 18:20:00','2023-6-24 15:00:00',1);
insert into package_tour(check_id, hotel_id, date_of_departure, return_date, number_of_people) VALUE (286,16,'2023-4-19 0:0:00','2023-5-8 11:00:00',2);
insert into package_tour(check_id, hotel_id, date_of_departure, return_date, number_of_people) VALUE (287,17,'2023-11-24 15:40:00','2023-12-9 17:00:00',3);
insert into package_tour(check_id, hotel_id, date_of_departure, return_date, number_of_people) VALUE (287,12,'2023-5-26 22:30:00','2023-6-18 20:00:00',2);
insert into package_tour(check_id, hotel_id, date_of_departure, return_date, number_of_people) VALUE (288,19,'2023-3-27 14:0:00','2023-4-6 11:00:00',12);
insert into package_tour(check_id, hotel_id, date_of_departure, return_date, number_of_people) VALUE (288,12,'2023-1-13 10:50:00','2023-1-23 9:00:00',3);
insert into package_tour(check_id, hotel_id, date_of_departure, return_date, number_of_people) VALUE (288,14,'2023-7-4 11:0:00','2023-7-9 18:00:00',2);
insert into package_tour(check_id, hotel_id, date_of_departure, return_date, number_of_people) VALUE (289,4,'2023-10-17 10:10:00','2023-11-8 14:00:00',2);
insert into package_tour(check_id, hotel_id, date_of_departure, return_date, number_of_people) VALUE (289,6,'2023-5-19 21:30:00','2023-6-6 16:00:00',50);
insert into package_tour(check_id, hotel_id, date_of_departure, return_date, number_of_people) VALUE (289,5,'2023-7-6 23:30:00','2023-7-10 2:00:00',2);
insert into package_tour(check_id, hotel_id, date_of_departure, return_date, number_of_people) VALUE (290,10,'2023-12-17 13:0:00','2024-1-9 11:00:00',3);
insert into package_tour(check_id, hotel_id, date_of_departure, return_date, number_of_people) VALUE (291,16,'2023-4-10 11:20:00','2023-5-2 16:00:00',12);
insert into package_tour(check_id, hotel_id, date_of_departure, return_date, number_of_people) VALUE (291,13,'2023-1-22 22:40:00','2023-2-8 1:00:00',7);
insert into package_tour(check_id, hotel_id, date_of_departure, return_date, number_of_people) VALUE (291,20,'2023-12-15 9:30:00','2023-12-25 7:00:00',3);
insert into package_tour(check_id, hotel_id, date_of_departure, return_date, number_of_people) VALUE (292,20,'2023-10-12 20:30:00','2023-10-25 23:00:00',2);
insert into package_tour(check_id, hotel_id, date_of_departure, return_date, number_of_people) VALUE (292,8,'2023-6-4 17:0:00','2023-6-22 22:00:00',8);
insert into package_tour(check_id, hotel_id, date_of_departure, return_date, number_of_people) VALUE (293,3,'2023-5-16 20:30:00','2023-5-25 13:00:00',3);
insert into package_tour(check_id, hotel_id, date_of_departure, return_date, number_of_people) VALUE (293,17,'2023-10-6 18:50:00','2023-10-13 14:00:00',4);
insert into package_tour(check_id, hotel_id, date_of_departure, return_date, number_of_people) VALUE (293,3,'2023-9-7 19:0:00','2023-9-19 13:00:00',3);
insert into package_tour(check_id, hotel_id, date_of_departure, return_date, number_of_people) VALUE (294,5,'2023-2-9 23:0:00','2023-2-20 20:00:00',2);
insert into package_tour(check_id, hotel_id, date_of_departure, return_date, number_of_people) VALUE (294,4,'2023-11-17 13:0:00','2023-12-10 9:00:00',1);
insert into package_tour(check_id, hotel_id, date_of_departure, return_date, number_of_people) VALUE (294,12,'2023-7-15 5:40:00','2023-7-20 9:00:00',6);
insert into package_tour(check_id, hotel_id, date_of_departure, return_date, number_of_people) VALUE (295,1,'2023-6-17 3:20:00','2023-7-6 13:00:00',25);
insert into package_tour(check_id, hotel_id, date_of_departure, return_date, number_of_people) VALUE (295,5,'2023-12-5 19:10:00','2023-12-14 11:00:00',3);
insert into package_tour(check_id, hotel_id, date_of_departure, return_date, number_of_people) VALUE (296,9,'2023-11-1 10:10:00','2023-11-20 23:00:00',2);
insert into package_tour(check_id, hotel_id, date_of_departure, return_date, number_of_people) VALUE (296,19,'2023-1-13 9:40:00','2023-2-4 12:00:00',5);
insert into package_tour(check_id, hotel_id, date_of_departure, return_date, number_of_people) VALUE (296,14,'2023-7-13 21:40:00','2023-8-4 22:00:00',1);
insert into package_tour(check_id, hotel_id, date_of_departure, return_date, number_of_people) VALUE (297,20,'2023-12-5 10:10:00','2023-12-15 3:00:00',2);
insert into package_tour(check_id, hotel_id, date_of_departure, return_date, number_of_people) VALUE (297,13,'2023-10-23 9:20:00','2023-11-12 5:00:00',7);
insert into package_tour(check_id, hotel_id, date_of_departure, return_date, number_of_people) VALUE (297,20,'2023-5-4 19:30:00','2023-5-8 17:00:00',50);
insert into package_tour(check_id, hotel_id, date_of_departure, return_date, number_of_people) VALUE (298,12,'2023-4-3 5:0:00','2023-4-17 21:00:00',3);
insert into package_tour(check_id, hotel_id, date_of_departure, return_date, number_of_people) VALUE (299,12,'2023-9-12 11:20:00','2023-10-4 23:00:00',3);
insert into package_tour(check_id, hotel_id, date_of_departure, return_date, number_of_people) VALUE (300,18,'2023-7-20 4:20:00','2023-8-7 10:00:00',2);
insert into package_tour(check_id, hotel_id, date_of_departure, return_date, number_of_people) VALUE (300,8,'2023-6-1 3:20:00','2023-6-20 6:00:00',2);
insert into package_tour(check_id, hotel_id, date_of_departure, return_date, number_of_people) VALUE (301,7,'2023-12-28 3:10:00','2024-1-6 2:00:00',25);
insert into package_tour(check_id, hotel_id, date_of_departure, return_date, number_of_people) VALUE (301,14,'2023-3-8 16:10:00','2023-3-13 20:00:00',5);
insert into package_tour(check_id, hotel_id, date_of_departure, return_date, number_of_people) VALUE (301,17,'2023-6-1 18:40:00','2023-6-14 10:00:00',4);
insert into package_tour(check_id, hotel_id, date_of_departure, return_date, number_of_people) VALUE (302,4,'2023-7-2 3:0:00','2023-7-20 22:00:00',4);
insert into package_tour(check_id, hotel_id, date_of_departure, return_date, number_of_people) VALUE (303,12,'2023-6-4 6:0:00','2023-6-25 10:00:00',1);
insert into package_tour(check_id, hotel_id, date_of_departure, return_date, number_of_people) VALUE (304,15,'2023-9-5 13:20:00','2023-9-18 20:00:00',3);
insert into package_tour(check_id, hotel_id, date_of_departure, return_date, number_of_people) VALUE (305,20,'2023-4-24 10:40:00','2023-5-8 19:00:00',3);
insert into package_tour(check_id, hotel_id, date_of_departure, return_date, number_of_people) VALUE (305,16,'2023-6-16 22:0:00','2023-6-21 22:00:00',4);
insert into package_tour(check_id, hotel_id, date_of_departure, return_date, number_of_people) VALUE (306,3,'2023-11-18 2:0:00','2023-12-3 12:00:00',2);
insert into package_tour(check_id, hotel_id, date_of_departure, return_date, number_of_people) VALUE (306,12,'2023-3-25 17:50:00','2023-4-3 3:00:00',2);
insert into package_tour(check_id, hotel_id, date_of_departure, return_date, number_of_people) VALUE (307,6,'2023-12-16 7:0:00','2024-1-7 11:00:00',1);
insert into package_tour(check_id, hotel_id, date_of_departure, return_date, number_of_people) VALUE (307,2,'2023-11-26 6:30:00','2023-12-4 8:00:00',3);
insert into package_tour(check_id, hotel_id, date_of_departure, return_date, number_of_people) VALUE (308,4,'2023-11-26 15:40:00','2023-12-19 14:00:00',5);
insert into package_tour(check_id, hotel_id, date_of_departure, return_date, number_of_people) VALUE (308,11,'2023-4-24 11:20:00','2023-5-8 19:00:00',25);
insert into package_tour(check_id, hotel_id, date_of_departure, return_date, number_of_people) VALUE (309,1,'2023-7-12 1:50:00','2023-8-3 17:00:00',5);
insert into package_tour(check_id, hotel_id, date_of_departure, return_date, number_of_people) VALUE (309,19,'2023-1-5 15:20:00','2023-1-8 7:00:00',5);
insert into package_tour(check_id, hotel_id, date_of_departure, return_date, number_of_people) VALUE (309,9,'2023-3-26 6:30:00','2023-3-28 4:00:00',2);
insert into package_tour(check_id, hotel_id, date_of_departure, return_date, number_of_people) VALUE (310,14,'2023-1-4 12:50:00','2023-1-10 21:00:00',3);
insert into package_tour(check_id, hotel_id, date_of_departure, return_date, number_of_people) VALUE (310,18,'2023-1-1 18:40:00','2023-1-18 2:00:00',25);
insert into package_tour(check_id, hotel_id, date_of_departure, return_date, number_of_people) VALUE (311,10,'2023-6-9 2:30:00','2023-6-18 23:00:00',2);
insert into package_tour(check_id, hotel_id, date_of_departure, return_date, number_of_people) VALUE (312,12,'2023-9-1 1:50:00','2023-9-16 12:00:00',10);
insert into package_tour(check_id, hotel_id, date_of_departure, return_date, number_of_people) VALUE (313,3,'2023-3-12 5:20:00','2023-3-20 16:00:00',3);
insert into package_tour(check_id, hotel_id, date_of_departure, return_date, number_of_people) VALUE (313,16,'2023-5-5 17:0:00','2023-5-26 15:00:00',2);
insert into package_tour(check_id, hotel_id, date_of_departure, return_date, number_of_people) VALUE (313,1,'2023-5-16 10:30:00','2023-6-9 8:00:00',3);
insert into package_tour(check_id, hotel_id, date_of_departure, return_date, number_of_people) VALUE (314,12,'2023-1-28 21:10:00','2023-2-14 19:00:00',5);
insert into package_tour(check_id, hotel_id, date_of_departure, return_date, number_of_people) VALUE (314,4,'2023-9-2 9:20:00','2023-9-4 21:00:00',2);
insert into package_tour(check_id, hotel_id, date_of_departure, return_date, number_of_people) VALUE (315,6,'2023-4-8 7:50:00','2023-4-28 3:00:00',2);
insert into package_tour(check_id, hotel_id, date_of_departure, return_date, number_of_people) VALUE (315,8,'2023-8-17 8:30:00','2023-9-4 0:00:00',12);
insert into package_tour(check_id, hotel_id, date_of_departure, return_date, number_of_people) VALUE (316,17,'2023-2-12 10:10:00','2023-3-2 18:00:00',8);
insert into package_tour(check_id, hotel_id, date_of_departure, return_date, number_of_people) VALUE (316,5,'2023-5-17 14:20:00','2023-5-27 15:00:00',3);
insert into package_tour(check_id, hotel_id, date_of_departure, return_date, number_of_people) VALUE (316,3,'2023-4-11 12:0:00','2023-5-1 4:00:00',2);
insert into package_tour(check_id, hotel_id, date_of_departure, return_date, number_of_people) VALUE (317,17,'2023-10-20 20:10:00','2023-10-25 23:00:00',3);
insert into package_tour(check_id, hotel_id, date_of_departure, return_date, number_of_people) VALUE (317,15,'2023-8-9 11:30:00','2023-8-22 5:00:00',1);
insert into package_tour(check_id, hotel_id, date_of_departure, return_date, number_of_people) VALUE (318,12,'2023-9-6 6:40:00','2023-9-27 10:00:00',25);
insert into package_tour(check_id, hotel_id, date_of_departure, return_date, number_of_people) VALUE (318,2,'2023-5-22 3:40:00','2023-6-5 20:00:00',3);
insert into package_tour(check_id, hotel_id, date_of_departure, return_date, number_of_people) VALUE (318,19,'2023-11-19 7:40:00','2023-12-3 0:00:00',1);
insert into package_tour(check_id, hotel_id, date_of_departure, return_date, number_of_people) VALUE (319,8,'2023-9-7 14:30:00','2023-9-21 11:00:00',5);
insert into package_tour(check_id, hotel_id, date_of_departure, return_date, number_of_people) VALUE (319,7,'2023-7-2 18:10:00','2023-7-12 11:00:00',2);
insert into package_tour(check_id, hotel_id, date_of_departure, return_date, number_of_people) VALUE (319,3,'2023-8-9 14:0:00','2023-9-1 4:00:00',4);
insert into package_tour(check_id, hotel_id, date_of_departure, return_date, number_of_people) VALUE (320,12,'2023-1-24 13:10:00','2023-2-8 18:00:00',1);
insert into package_tour(check_id, hotel_id, date_of_departure, return_date, number_of_people) VALUE (320,7,'2023-7-9 1:30:00','2023-7-28 10:00:00',6);
insert into package_tour(check_id, hotel_id, date_of_departure, return_date, number_of_people) VALUE (321,5,'2023-3-10 15:30:00','2023-3-17 9:00:00',1);
insert into package_tour(check_id, hotel_id, date_of_departure, return_date, number_of_people) VALUE (322,5,'2023-6-22 3:30:00','2023-7-6 14:00:00',4);
insert into package_tour(check_id, hotel_id, date_of_departure, return_date, number_of_people) VALUE (322,4,'2023-7-9 11:40:00','2023-7-16 13:00:00',50);
insert into package_tour(check_id, hotel_id, date_of_departure, return_date, number_of_people) VALUE (323,8,'2023-9-14 20:20:00','2023-9-25 15:00:00',2);
insert into package_tour(check_id, hotel_id, date_of_departure, return_date, number_of_people) VALUE (324,2,'2023-3-14 23:20:00','2023-4-4 8:00:00',4);
insert into package_tour(check_id, hotel_id, date_of_departure, return_date, number_of_people) VALUE (325,14,'2023-11-13 5:10:00','2023-11-15 13:00:00',1);
insert into package_tour(check_id, hotel_id, date_of_departure, return_date, number_of_people) VALUE (325,1,'2023-3-11 20:10:00','2023-4-1 12:00:00',8);
insert into package_tour(check_id, hotel_id, date_of_departure, return_date, number_of_people) VALUE (326,6,'2023-1-7 1:50:00','2023-1-24 18:00:00',7);
insert into package_tour(check_id, hotel_id, date_of_departure, return_date, number_of_people) VALUE (326,2,'2023-4-25 23:50:00','2023-5-6 4:00:00',8);
insert into package_tour(check_id, hotel_id, date_of_departure, return_date, number_of_people) VALUE (327,16,'2023-7-19 1:50:00','2023-7-22 14:00:00',2);
insert into package_tour(check_id, hotel_id, date_of_departure, return_date, number_of_people) VALUE (327,2,'2023-9-21 8:40:00','2023-10-6 17:00:00',3);
insert into package_tour(check_id, hotel_id, date_of_departure, return_date, number_of_people) VALUE (327,13,'2023-9-21 2:30:00','2023-10-13 8:00:00',3);
insert into package_tour(check_id, hotel_id, date_of_departure, return_date, number_of_people) VALUE (328,11,'2023-7-5 21:50:00','2023-7-18 20:00:00',3);
insert into package_tour(check_id, hotel_id, date_of_departure, return_date, number_of_people) VALUE (329,3,'2023-8-7 7:0:00','2023-8-21 0:00:00',3);
insert into package_tour(check_id, hotel_id, date_of_departure, return_date, number_of_people) VALUE (330,1,'2023-6-10 22:20:00','2023-6-17 17:00:00',2);
insert into package_tour(check_id, hotel_id, date_of_departure, return_date, number_of_people) VALUE (331,7,'2023-5-2 1:50:00','2023-5-19 13:00:00',4);
insert into package_tour(check_id, hotel_id, date_of_departure, return_date, number_of_people) VALUE (332,10,'2023-5-11 2:30:00','2023-5-23 16:00:00',12);
insert into package_tour(check_id, hotel_id, date_of_departure, return_date, number_of_people) VALUE (332,20,'2023-7-13 19:0:00','2023-7-19 4:00:00',2);
insert into package_tour(check_id, hotel_id, date_of_departure, return_date, number_of_people) VALUE (333,10,'2023-3-8 1:40:00','2023-3-27 5:00:00',1);
insert into package_tour(check_id, hotel_id, date_of_departure, return_date, number_of_people) VALUE (334,10,'2023-11-17 3:30:00','2023-11-24 16:00:00',2);
insert into package_tour(check_id, hotel_id, date_of_departure, return_date, number_of_people) VALUE (334,3,'2023-1-5 8:20:00','2023-1-21 3:00:00',3);
insert into package_tour(check_id, hotel_id, date_of_departure, return_date, number_of_people) VALUE (335,1,'2023-12-28 5:40:00','2024-1-3 5:00:00',2);
insert into package_tour(check_id, hotel_id, date_of_departure, return_date, number_of_people) VALUE (335,18,'2023-3-24 11:20:00','2023-3-28 4:00:00',1);
insert into package_tour(check_id, hotel_id, date_of_departure, return_date, number_of_people) VALUE (336,18,'2023-12-24 13:20:00','2024-1-16 8:00:00',2);
insert into package_tour(check_id, hotel_id, date_of_departure, return_date, number_of_people) VALUE (337,12,'2023-2-5 12:40:00','2023-2-8 18:00:00',10);
insert into package_tour(check_id, hotel_id, date_of_departure, return_date, number_of_people) VALUE (338,2,'2023-11-18 9:0:00','2023-12-11 9:00:00',2);
insert into package_tour(check_id, hotel_id, date_of_departure, return_date, number_of_people) VALUE (338,1,'2023-7-3 10:30:00','2023-7-6 17:00:00',50);
insert into package_tour(check_id, hotel_id, date_of_departure, return_date, number_of_people) VALUE (338,8,'2023-2-2 14:10:00','2023-2-11 1:00:00',3);
insert into package_tour(check_id, hotel_id, date_of_departure, return_date, number_of_people) VALUE (339,17,'2023-1-27 15:20:00','2023-2-6 3:00:00',2);
insert into package_tour(check_id, hotel_id, date_of_departure, return_date, number_of_people) VALUE (339,6,'2023-5-26 0:40:00','2023-5-28 18:00:00',2);
insert into package_tour(check_id, hotel_id, date_of_departure, return_date, number_of_people) VALUE (340,6,'2023-11-2 9:40:00','2023-11-16 4:00:00',2);
insert into package_tour(check_id, hotel_id, date_of_departure, return_date, number_of_people) VALUE (340,9,'2023-2-21 1:20:00','2023-3-12 14:00:00',6);
insert into package_tour(check_id, hotel_id, date_of_departure, return_date, number_of_people) VALUE (340,12,'2023-1-27 16:40:00','2023-2-11 19:00:00',3);
insert into package_tour(check_id, hotel_id, date_of_departure, return_date, number_of_people) VALUE (341,20,'2023-12-5 17:10:00','2023-12-19 7:00:00',3);
insert into package_tour(check_id, hotel_id, date_of_departure, return_date, number_of_people) VALUE (342,8,'2023-12-19 13:0:00','2023-12-24 6:00:00',5);
insert into package_tour(check_id, hotel_id, date_of_departure, return_date, number_of_people) VALUE (342,12,'2023-10-23 21:40:00','2023-11-10 6:00:00',4);
insert into package_tour(check_id, hotel_id, date_of_departure, return_date, number_of_people) VALUE (342,3,'2023-10-3 14:20:00','2023-10-5 2:00:00',50);
insert into package_tour(check_id, hotel_id, date_of_departure, return_date, number_of_people) VALUE (343,10,'2023-9-18 17:40:00','2023-10-11 10:00:00',2);
insert into package_tour(check_id, hotel_id, date_of_departure, return_date, number_of_people) VALUE (344,18,'2023-8-11 1:0:00','2023-8-23 16:00:00',2);
insert into package_tour(check_id, hotel_id, date_of_departure, return_date, number_of_people) VALUE (344,6,'2023-4-13 11:0:00','2023-4-19 16:00:00',6);
insert into package_tour(check_id, hotel_id, date_of_departure, return_date, number_of_people) VALUE (344,13,'2023-3-19 20:10:00','2023-3-27 15:00:00',4);
insert into package_tour(check_id, hotel_id, date_of_departure, return_date, number_of_people) VALUE (345,2,'2023-11-4 14:0:00','2023-11-24 20:00:00',5);
insert into package_tour(check_id, hotel_id, date_of_departure, return_date, number_of_people) VALUE (346,8,'2023-9-10 1:10:00','2023-9-17 21:00:00',10);
insert into package_tour(check_id, hotel_id, date_of_departure, return_date, number_of_people) VALUE (347,5,'2023-1-7 0:10:00','2023-1-14 3:00:00',5);
insert into package_tour(check_id, hotel_id, date_of_departure, return_date, number_of_people) VALUE (347,14,'2023-4-25 22:40:00','2023-5-2 20:00:00',2);
insert into package_tour(check_id, hotel_id, date_of_departure, return_date, number_of_people) VALUE (347,15,'2023-5-22 4:0:00','2023-6-3 2:00:00',2);
insert into package_tour(check_id, hotel_id, date_of_departure, return_date, number_of_people) VALUE (348,10,'2023-6-12 4:20:00','2023-7-4 0:00:00',3);
insert into package_tour(check_id, hotel_id, date_of_departure, return_date, number_of_people) VALUE (349,19,'2023-12-26 4:40:00','2023-12-28 5:00:00',7);
insert into package_tour(check_id, hotel_id, date_of_departure, return_date, number_of_people) VALUE (350,9,'2023-7-28 5:50:00','2023-8-20 1:00:00',4);
insert into package_tour(check_id, hotel_id, date_of_departure, return_date, number_of_people) VALUE (350,15,'2023-6-7 13:30:00','2023-6-18 20:00:00',2);
insert into package_tour(check_id, hotel_id, date_of_departure, return_date, number_of_people) VALUE (350,1,'2023-5-26 19:0:00','2023-6-4 19:00:00',1);
insert into package_tour(check_id, hotel_id, date_of_departure, return_date, number_of_people) VALUE (351,13,'2023-3-11 16:40:00','2023-3-22 19:00:00',3);
insert into package_tour(check_id, hotel_id, date_of_departure, return_date, number_of_people) VALUE (351,12,'2023-9-2 13:0:00','2023-9-15 17:00:00',4);
insert into package_tour(check_id, hotel_id, date_of_departure, return_date, number_of_people) VALUE (352,7,'2023-5-22 3:20:00','2023-6-10 1:00:00',50);
insert into package_tour(check_id, hotel_id, date_of_departure, return_date, number_of_people) VALUE (353,20,'2023-11-20 0:30:00','2023-12-3 11:00:00',7);
insert into package_tour(check_id, hotel_id, date_of_departure, return_date, number_of_people) VALUE (353,13,'2023-5-3 19:40:00','2023-5-17 13:00:00',2);
insert into package_tour(check_id, hotel_id, date_of_departure, return_date, number_of_people) VALUE (353,12,'2023-10-9 21:40:00','2023-10-28 0:00:00',16);
insert into package_tour(check_id, hotel_id, date_of_departure, return_date, number_of_people) VALUE (354,13,'2023-1-20 11:20:00','2023-1-26 18:00:00',1);
insert into package_tour(check_id, hotel_id, date_of_departure, return_date, number_of_people) VALUE (355,8,'2023-4-19 19:20:00','2023-4-21 4:00:00',12);
insert into package_tour(check_id, hotel_id, date_of_departure, return_date, number_of_people) VALUE (355,17,'2023-11-14 21:50:00','2023-11-20 7:00:00',3);
insert into package_tour(check_id, hotel_id, date_of_departure, return_date, number_of_people) VALUE (356,7,'2023-12-15 10:40:00','2024-1-6 1:00:00',3);
insert into package_tour(check_id, hotel_id, date_of_departure, return_date, number_of_people) VALUE (357,13,'2023-10-19 14:20:00','2023-11-3 23:00:00',7);
insert into package_tour(check_id, hotel_id, date_of_departure, return_date, number_of_people) VALUE (357,12,'2023-8-24 23:50:00','2023-9-10 16:00:00',12);
insert into package_tour(check_id, hotel_id, date_of_departure, return_date, number_of_people) VALUE (357,16,'2023-9-6 18:10:00','2023-9-14 22:00:00',4);
insert into package_tour(check_id, hotel_id, date_of_departure, return_date, number_of_people) VALUE (358,14,'2023-1-17 12:20:00','2023-2-2 14:00:00',2);
insert into package_tour(check_id, hotel_id, date_of_departure, return_date, number_of_people) VALUE (358,11,'2023-1-27 3:0:00','2023-2-18 15:00:00',2);
insert into package_tour(check_id, hotel_id, date_of_departure, return_date, number_of_people) VALUE (359,14,'2023-1-25 17:50:00','2023-2-5 16:00:00',1);
insert into package_tour(check_id, hotel_id, date_of_departure, return_date, number_of_people) VALUE (359,10,'2023-4-22 7:20:00','2023-5-9 10:00:00',2);
insert into package_tour(check_id, hotel_id, date_of_departure, return_date, number_of_people) VALUE (360,6,'2023-12-24 1:10:00','2024-1-17 7:00:00',1);
insert into package_tour(check_id, hotel_id, date_of_departure, return_date, number_of_people) VALUE (360,17,'2023-8-23 19:20:00','2023-9-9 7:00:00',5);
insert into package_tour(check_id, hotel_id, date_of_departure, return_date, number_of_people) VALUE (361,17,'2023-11-18 2:30:00','2023-12-10 11:00:00',7);
insert into package_tour(check_id, hotel_id, date_of_departure, return_date, number_of_people) VALUE (361,17,'2023-11-2 8:10:00','2023-11-18 9:00:00',7);
insert into package_tour(check_id, hotel_id, date_of_departure, return_date, number_of_people) VALUE (361,13,'2023-9-18 13:40:00','2023-10-8 18:00:00',12);
insert into package_tour(check_id, hotel_id, date_of_departure, return_date, number_of_people) VALUE (362,10,'2023-1-6 19:40:00','2023-1-26 6:00:00',3);
insert into package_tour(check_id, hotel_id, date_of_departure, return_date, number_of_people) VALUE (362,3,'2023-8-15 7:20:00','2023-9-6 12:00:00',1);
insert into package_tour(check_id, hotel_id, date_of_departure, return_date, number_of_people) VALUE (362,13,'2023-7-13 6:40:00','2023-7-28 15:00:00',2);
insert into package_tour(check_id, hotel_id, date_of_departure, return_date, number_of_people) VALUE (363,6,'2023-1-27 0:20:00','2023-2-19 22:00:00',1);
insert into package_tour(check_id, hotel_id, date_of_departure, return_date, number_of_people) VALUE (363,14,'2023-12-21 18:0:00','2023-12-26 0:00:00',25);
insert into package_tour(check_id, hotel_id, date_of_departure, return_date, number_of_people) VALUE (363,6,'2023-11-20 0:10:00','2023-12-4 23:00:00',3);
insert into package_tour(check_id, hotel_id, date_of_departure, return_date, number_of_people) VALUE (364,12,'2023-1-24 20:30:00','2023-1-26 12:00:00',2);
insert into package_tour(check_id, hotel_id, date_of_departure, return_date, number_of_people) VALUE (364,6,'2023-2-15 19:10:00','2023-3-6 13:00:00',12);
insert into package_tour(check_id, hotel_id, date_of_departure, return_date, number_of_people) VALUE (364,17,'2023-3-4 15:10:00','2023-3-12 15:00:00',2);
insert into package_tour(check_id, hotel_id, date_of_departure, return_date, number_of_people) VALUE (365,9,'2023-1-16 23:0:00','2023-2-7 6:00:00',1);
insert into package_tour(check_id, hotel_id, date_of_departure, return_date, number_of_people) VALUE (366,10,'2023-7-11 11:40:00','2023-7-28 5:00:00',1);
insert into package_tour(check_id, hotel_id, date_of_departure, return_date, number_of_people) VALUE (366,5,'2023-12-25 10:10:00','2024-1-8 18:00:00',50);
insert into package_tour(check_id, hotel_id, date_of_departure, return_date, number_of_people) VALUE (366,14,'2023-3-18 23:50:00','2023-3-22 23:00:00',2);
insert into package_tour(check_id, hotel_id, date_of_departure, return_date, number_of_people) VALUE (367,1,'2023-12-6 7:40:00','2023-12-22 6:00:00',12);
insert into package_tour(check_id, hotel_id, date_of_departure, return_date, number_of_people) VALUE (367,10,'2023-4-4 14:30:00','2023-4-9 18:00:00',6);
insert into package_tour(check_id, hotel_id, date_of_departure, return_date, number_of_people) VALUE (367,17,'2023-12-28 10:0:00','2024-1-4 6:00:00',2);
insert into package_tour(check_id, hotel_id, date_of_departure, return_date, number_of_people) VALUE (368,8,'2023-6-16 8:0:00','2023-6-25 20:00:00',2);
insert into package_tour(check_id, hotel_id, date_of_departure, return_date, number_of_people) VALUE (368,13,'2023-1-7 17:30:00','2023-1-20 5:00:00',6);
insert into package_tour(check_id, hotel_id, date_of_departure, return_date, number_of_people) VALUE (368,5,'2023-2-26 12:40:00','2023-3-18 6:00:00',3);
insert into package_tour(check_id, hotel_id, date_of_departure, return_date, number_of_people) VALUE (369,13,'2023-4-9 9:50:00','2023-4-17 7:00:00',1);
insert into package_tour(check_id, hotel_id, date_of_departure, return_date, number_of_people) VALUE (370,11,'2023-5-12 2:0:00','2023-5-17 20:00:00',25);
insert into package_tour(check_id, hotel_id, date_of_departure, return_date, number_of_people) VALUE (370,7,'2023-10-7 1:40:00','2023-10-28 20:00:00',1);
insert into package_tour(check_id, hotel_id, date_of_departure, return_date, number_of_people) VALUE (371,3,'2023-3-20 14:20:00','2023-4-12 7:00:00',2);
insert into package_tour(check_id, hotel_id, date_of_departure, return_date, number_of_people) VALUE (371,18,'2023-10-14 22:20:00','2023-10-28 16:00:00',1);
insert into package_tour(check_id, hotel_id, date_of_departure, return_date, number_of_people) VALUE (372,8,'2023-6-20 21:0:00','2023-7-5 15:00:00',8);
insert into package_tour(check_id, hotel_id, date_of_departure, return_date, number_of_people) VALUE (372,20,'2023-10-26 15:50:00','2023-11-10 12:00:00',2);
insert into package_tour(check_id, hotel_id, date_of_departure, return_date, number_of_people) VALUE (372,13,'2023-3-4 13:40:00','2023-3-22 18:00:00',5);
insert into package_tour(check_id, hotel_id, date_of_departure, return_date, number_of_people) VALUE (373,18,'2023-6-15 3:10:00','2023-7-8 9:00:00',8);
insert into package_tour(check_id, hotel_id, date_of_departure, return_date, number_of_people) VALUE (374,9,'2023-3-5 9:40:00','2023-3-21 19:00:00',10);
insert into package_tour(check_id, hotel_id, date_of_departure, return_date, number_of_people) VALUE (374,12,'2023-7-4 15:10:00','2023-7-25 23:00:00',2);
insert into package_tour(check_id, hotel_id, date_of_departure, return_date, number_of_people) VALUE (374,4,'2023-9-22 1:20:00','2023-10-1 10:00:00',2);
insert into package_tour(check_id, hotel_id, date_of_departure, return_date, number_of_people) VALUE (375,14,'2023-7-1 5:30:00','2023-7-5 22:00:00',3);
insert into package_tour(check_id, hotel_id, date_of_departure, return_date, number_of_people) VALUE (375,14,'2023-12-24 15:40:00','2024-1-7 20:00:00',2);
insert into package_tour(check_id, hotel_id, date_of_departure, return_date, number_of_people) VALUE (375,5,'2023-3-16 23:10:00','2023-4-3 2:00:00',3);
insert into package_tour(check_id, hotel_id, date_of_departure, return_date, number_of_people) VALUE (376,2,'2023-11-12 6:0:00','2023-11-22 20:00:00',16);
insert into package_tour(check_id, hotel_id, date_of_departure, return_date, number_of_people) VALUE (377,3,'2023-6-17 4:40:00','2023-6-27 17:00:00',2);
insert into package_tour(check_id, hotel_id, date_of_departure, return_date, number_of_people) VALUE (377,1,'2023-5-13 7:20:00','2023-6-2 7:00:00',12);
insert into package_tour(check_id, hotel_id, date_of_departure, return_date, number_of_people) VALUE (378,5,'2023-8-26 0:10:00','2023-9-11 18:00:00',25);
insert into package_tour(check_id, hotel_id, date_of_departure, return_date, number_of_people) VALUE (378,4,'2023-11-11 8:40:00','2023-11-18 17:00:00',2);
insert into package_tour(check_id, hotel_id, date_of_departure, return_date, number_of_people) VALUE (379,4,'2023-8-7 19:40:00','2023-8-13 9:00:00',1);
insert into package_tour(check_id, hotel_id, date_of_departure, return_date, number_of_people) VALUE (380,4,'2023-8-9 16:30:00','2023-9-2 20:00:00',3);
insert into package_tour(check_id, hotel_id, date_of_departure, return_date, number_of_people) VALUE (381,3,'2023-7-19 13:30:00','2023-8-7 6:00:00',12);
insert into package_tour(check_id, hotel_id, date_of_departure, return_date, number_of_people) VALUE (382,10,'2023-10-27 19:50:00','2023-11-9 5:00:00',1);
insert into package_tour(check_id, hotel_id, date_of_departure, return_date, number_of_people) VALUE (383,8,'2023-11-24 16:0:00','2023-12-13 13:00:00',12);
insert into package_tour(check_id, hotel_id, date_of_departure, return_date, number_of_people) VALUE (383,12,'2023-9-21 20:10:00','2023-9-24 22:00:00',3);
insert into package_tour(check_id, hotel_id, date_of_departure, return_date, number_of_people) VALUE (384,17,'2023-9-18 0:10:00','2023-10-4 12:00:00',1);
insert into package_tour(check_id, hotel_id, date_of_departure, return_date, number_of_people) VALUE (385,2,'2023-11-4 18:40:00','2023-11-9 4:00:00',2);
insert into package_tour(check_id, hotel_id, date_of_departure, return_date, number_of_people) VALUE (386,17,'2023-10-21 6:50:00','2023-11-10 7:00:00',2);
insert into package_tour(check_id, hotel_id, date_of_departure, return_date, number_of_people) VALUE (387,17,'2023-8-3 11:50:00','2023-8-16 11:00:00',2);
insert into package_tour(check_id, hotel_id, date_of_departure, return_date, number_of_people) VALUE (388,12,'2023-6-26 20:50:00','2023-7-5 7:00:00',3);
insert into package_tour(check_id, hotel_id, date_of_departure, return_date, number_of_people) VALUE (389,9,'2023-12-10 23:40:00','2023-12-14 15:00:00',8);
insert into package_tour(check_id, hotel_id, date_of_departure, return_date, number_of_people) VALUE (390,4,'2023-12-7 6:0:00','2023-12-16 5:00:00',5);
insert into package_tour(check_id, hotel_id, date_of_departure, return_date, number_of_people) VALUE (391,12,'2023-2-14 15:50:00','2023-3-4 0:00:00',2);
insert into package_tour(check_id, hotel_id, date_of_departure, return_date, number_of_people) VALUE (392,8,'2023-12-14 2:40:00','2023-12-17 18:00:00',25);
insert into package_tour(check_id, hotel_id, date_of_departure, return_date, number_of_people) VALUE (393,16,'2023-3-7 0:20:00','2023-3-13 21:00:00',7);
insert into package_tour(check_id, hotel_id, date_of_departure, return_date, number_of_people) VALUE (394,3,'2023-7-27 15:10:00','2023-8-11 2:00:00',25);
insert into package_tour(check_id, hotel_id, date_of_departure, return_date, number_of_people) VALUE (395,11,'2023-3-17 17:10:00','2023-4-10 11:00:00',2);
insert into package_tour(check_id, hotel_id, date_of_departure, return_date, number_of_people) VALUE (395,11,'2023-2-3 10:40:00','2023-2-24 10:00:00',3);
insert into package_tour(check_id, hotel_id, date_of_departure, return_date, number_of_people) VALUE (396,13,'2023-6-13 10:0:00','2023-7-5 6:00:00',1);
insert into package_tour(check_id, hotel_id, date_of_departure, return_date, number_of_people) VALUE (396,13,'2023-7-22 3:0:00','2023-8-1 20:00:00',2);
insert into package_tour(check_id, hotel_id, date_of_departure, return_date, number_of_people) VALUE (397,2,'2023-11-23 6:40:00','2023-11-27 18:00:00',2);
insert into package_tour(check_id, hotel_id, date_of_departure, return_date, number_of_people) VALUE (397,3,'2023-4-25 9:10:00','2023-5-3 7:00:00',1);
insert into package_tour(check_id, hotel_id, date_of_departure, return_date, number_of_people) VALUE (398,2,'2023-9-13 7:50:00','2023-9-22 8:00:00',4);
insert into package_tour(check_id, hotel_id, date_of_departure, return_date, number_of_people) VALUE (398,1,'2023-9-22 16:20:00','2023-10-2 15:00:00',1);
insert into package_tour(check_id, hotel_id, date_of_departure, return_date, number_of_people) VALUE (398,8,'2023-1-2 8:40:00','2023-1-4 19:00:00',1);
insert into package_tour(check_id, hotel_id, date_of_departure, return_date, number_of_people) VALUE (399,19,'2023-6-10 8:40:00','2023-6-28 16:00:00',2);
insert into package_tour(check_id, hotel_id, date_of_departure, return_date, number_of_people) VALUE (399,16,'2023-10-16 6:10:00','2023-10-23 14:00:00',2);
insert into package_tour(check_id, hotel_id, date_of_departure, return_date, number_of_people) VALUE (400,9,'2023-10-5 9:10:00','2023-10-9 16:00:00',2);
insert into package_tour(check_id, hotel_id, date_of_departure, return_date, number_of_people) VALUE (400,12,'2023-9-3 20:20:00','2023-9-7 10:00:00',3);
insert into package_tour(check_id, hotel_id, date_of_departure, return_date, number_of_people) VALUE (400,4,'2023-6-28 22:20:00','2023-7-15 8:00:00',2);
insert into package_tour(check_id, hotel_id, date_of_departure, return_date, number_of_people) VALUE (401,5,'2023-5-23 20:30:00','2023-6-16 9:00:00',12);
insert into package_tour(check_id, hotel_id, date_of_departure, return_date, number_of_people) VALUE (402,16,'2023-10-9 16:20:00','2023-10-26 23:00:00',3);
insert into package_tour(check_id, hotel_id, date_of_departure, return_date, number_of_people) VALUE (403,8,'2023-7-15 8:40:00','2023-7-20 21:00:00',2);
insert into package_tour(check_id, hotel_id, date_of_departure, return_date, number_of_people) VALUE (403,14,'2023-10-21 15:40:00','2023-11-13 12:00:00',2);
insert into package_tour(check_id, hotel_id, date_of_departure, return_date, number_of_people) VALUE (403,14,'2023-9-10 15:40:00','2023-9-17 8:00:00',2);
insert into package_tour(check_id, hotel_id, date_of_departure, return_date, number_of_people) VALUE (404,11,'2023-5-19 5:50:00','2023-6-11 1:00:00',4);
insert into package_tour(check_id, hotel_id, date_of_departure, return_date, number_of_people) VALUE (404,18,'2023-5-22 10:30:00','2023-6-12 20:00:00',1);
insert into package_tour(check_id, hotel_id, date_of_departure, return_date, number_of_people) VALUE (405,13,'2023-12-16 11:20:00','2024-1-7 5:00:00',2);
insert into package_tour(check_id, hotel_id, date_of_departure, return_date, number_of_people) VALUE (405,5,'2023-8-5 6:30:00','2023-8-14 6:00:00',2);
insert into package_tour(check_id, hotel_id, date_of_departure, return_date, number_of_people) VALUE (405,16,'2023-10-5 19:20:00','2023-10-23 17:00:00',2);
insert into package_tour(check_id, hotel_id, date_of_departure, return_date, number_of_people) VALUE (406,11,'2023-9-28 6:10:00','2023-10-16 15:00:00',3);
insert into package_tour(check_id, hotel_id, date_of_departure, return_date, number_of_people) VALUE (406,10,'2023-4-17 22:0:00','2023-4-26 16:00:00',1);
insert into package_tour(check_id, hotel_id, date_of_departure, return_date, number_of_people) VALUE (406,1,'2023-5-19 17:10:00','2023-6-7 3:00:00',2);
insert into package_tour(check_id, hotel_id, date_of_departure, return_date, number_of_people) VALUE (407,4,'2023-1-8 7:0:00','2023-1-23 23:00:00',2);
insert into package_tour(check_id, hotel_id, date_of_departure, return_date, number_of_people) VALUE (408,5,'2023-9-9 0:20:00','2023-9-14 12:00:00',4);
insert into package_tour(check_id, hotel_id, date_of_departure, return_date, number_of_people) VALUE (408,10,'2023-12-25 15:40:00','2024-1-9 15:00:00',1);
insert into package_tour(check_id, hotel_id, date_of_departure, return_date, number_of_people) VALUE (409,4,'2023-2-5 1:20:00','2023-2-20 23:00:00',3);
insert into package_tour(check_id, hotel_id, date_of_departure, return_date, number_of_people) VALUE (409,16,'2023-12-22 13:50:00','2024-1-5 9:00:00',2);
insert into package_tour(check_id, hotel_id, date_of_departure, return_date, number_of_people) VALUE (409,16,'2023-6-16 8:50:00','2023-6-19 21:00:00',2);
insert into package_tour(check_id, hotel_id, date_of_departure, return_date, number_of_people) VALUE (410,16,'2023-12-19 7:10:00','2023-12-28 18:00:00',50);
insert into package_tour(check_id, hotel_id, date_of_departure, return_date, number_of_people) VALUE (410,18,'2023-9-4 8:10:00','2023-9-17 1:00:00',2);
insert into package_tour(check_id, hotel_id, date_of_departure, return_date, number_of_people) VALUE (411,3,'2023-9-13 16:30:00','2023-10-3 17:00:00',12);
insert into package_tour(check_id, hotel_id, date_of_departure, return_date, number_of_people) VALUE (412,4,'2023-2-3 3:40:00','2023-2-17 21:00:00',2);
insert into package_tour(check_id, hotel_id, date_of_departure, return_date, number_of_people) VALUE (413,17,'2023-10-22 16:20:00','2023-11-11 21:00:00',2);
insert into package_tour(check_id, hotel_id, date_of_departure, return_date, number_of_people) VALUE (414,17,'2023-12-9 18:20:00','2023-12-12 16:00:00',2);
insert into package_tour(check_id, hotel_id, date_of_departure, return_date, number_of_people) VALUE (415,14,'2023-4-4 20:20:00','2023-4-20 14:00:00',5);
insert into package_tour(check_id, hotel_id, date_of_departure, return_date, number_of_people) VALUE (415,8,'2023-10-16 4:30:00','2023-11-1 7:00:00',2);
insert into package_tour(check_id, hotel_id, date_of_departure, return_date, number_of_people) VALUE (415,2,'2023-7-27 5:30:00','2023-8-14 21:00:00',6);
insert into package_tour(check_id, hotel_id, date_of_departure, return_date, number_of_people) VALUE (416,11,'2023-3-5 23:10:00','2023-3-7 8:00:00',4);
insert into package_tour(check_id, hotel_id, date_of_departure, return_date, number_of_people) VALUE (416,5,'2023-6-20 9:40:00','2023-7-6 1:00:00',2);
insert into package_tour(check_id, hotel_id, date_of_departure, return_date, number_of_people) VALUE (417,8,'2023-9-24 12:30:00','2023-10-9 8:00:00',1);
insert into package_tour(check_id, hotel_id, date_of_departure, return_date, number_of_people) VALUE (417,8,'2023-2-5 18:20:00','2023-2-24 22:00:00',3);
insert into package_tour(check_id, hotel_id, date_of_departure, return_date, number_of_people) VALUE (418,18,'2023-11-20 17:30:00','2023-12-1 9:00:00',3);
insert into package_tour(check_id, hotel_id, date_of_departure, return_date, number_of_people) VALUE (419,18,'2023-3-6 14:40:00','2023-3-10 1:00:00',2);
insert into package_tour(check_id, hotel_id, date_of_departure, return_date, number_of_people) VALUE (419,4,'2023-3-20 12:10:00','2023-4-13 12:00:00',50);
insert into package_tour(check_id, hotel_id, date_of_departure, return_date, number_of_people) VALUE (420,2,'2023-1-11 17:30:00','2023-1-13 7:00:00',1);
insert into package_tour(check_id, hotel_id, date_of_departure, return_date, number_of_people) VALUE (420,20,'2023-10-13 1:30:00','2023-11-3 7:00:00',3);
insert into package_tour(check_id, hotel_id, date_of_departure, return_date, number_of_people) VALUE (420,12,'2023-7-23 12:20:00','2023-7-25 19:00:00',2);
insert into package_tour(check_id, hotel_id, date_of_departure, return_date, number_of_people) VALUE (421,15,'2023-5-24 5:50:00','2023-6-16 18:00:00',2);
insert into package_tour(check_id, hotel_id, date_of_departure, return_date, number_of_people) VALUE (421,20,'2023-3-28 21:30:00','2023-4-7 2:00:00',1);
insert into package_tour(check_id, hotel_id, date_of_departure, return_date, number_of_people) VALUE (421,15,'2023-5-12 1:20:00','2023-5-28 10:00:00',25);
insert into package_tour(check_id, hotel_id, date_of_departure, return_date, number_of_people) VALUE (422,19,'2023-5-13 18:20:00','2023-5-20 17:00:00',50);
insert into package_tour(check_id, hotel_id, date_of_departure, return_date, number_of_people) VALUE (422,17,'2023-2-17 10:50:00','2023-3-7 2:00:00',25);
insert into package_tour(check_id, hotel_id, date_of_departure, return_date, number_of_people) VALUE (422,9,'2023-4-4 15:0:00','2023-4-23 20:00:00',8);
insert into package_tour(check_id, hotel_id, date_of_departure, return_date, number_of_people) VALUE (423,7,'2023-10-19 16:20:00','2023-11-2 5:00:00',7);
insert into package_tour(check_id, hotel_id, date_of_departure, return_date, number_of_people) VALUE (424,7,'2023-3-19 6:20:00','2023-3-28 21:00:00',1);
insert into package_tour(check_id, hotel_id, date_of_departure, return_date, number_of_people) VALUE (424,6,'2023-7-16 5:20:00','2023-8-7 22:00:00',2);
insert into package_tour(check_id, hotel_id, date_of_departure, return_date, number_of_people) VALUE (424,8,'2023-12-17 21:20:00','2024-1-3 9:00:00',2);
insert into package_tour(check_id, hotel_id, date_of_departure, return_date, number_of_people) VALUE (425,16,'2023-1-1 20:20:00','2023-1-17 10:00:00',1);
insert into package_tour(check_id, hotel_id, date_of_departure, return_date, number_of_people) VALUE (425,4,'2023-6-23 1:0:00','2023-7-11 20:00:00',2);
insert into package_tour(check_id, hotel_id, date_of_departure, return_date, number_of_people) VALUE (426,19,'2023-3-23 19:40:00','2023-4-2 13:00:00',7);
insert into package_tour(check_id, hotel_id, date_of_departure, return_date, number_of_people) VALUE (426,11,'2023-1-9 21:20:00','2023-1-14 5:00:00',4);
insert into package_tour(check_id, hotel_id, date_of_departure, return_date, number_of_people) VALUE (426,8,'2023-3-6 12:10:00','2023-3-22 5:00:00',4);
insert into package_tour(check_id, hotel_id, date_of_departure, return_date, number_of_people) VALUE (427,15,'2023-4-4 17:40:00','2023-4-19 23:00:00',8);
insert into package_tour(check_id, hotel_id, date_of_departure, return_date, number_of_people) VALUE (428,18,'2023-9-8 9:30:00','2023-9-13 14:00:00',4);
insert into package_tour(check_id, hotel_id, date_of_departure, return_date, number_of_people) VALUE (428,13,'2023-9-8 2:20:00','2023-9-17 6:00:00',2);
insert into package_tour(check_id, hotel_id, date_of_departure, return_date, number_of_people) VALUE (428,4,'2023-9-11 11:10:00','2023-9-26 10:00:00',2);
insert into package_tour(check_id, hotel_id, date_of_departure, return_date, number_of_people) VALUE (429,6,'2023-3-8 18:10:00','2023-3-12 6:00:00',10);
insert into package_tour(check_id, hotel_id, date_of_departure, return_date, number_of_people) VALUE (430,18,'2023-11-7 18:10:00','2023-11-10 0:00:00',3);
insert into package_tour(check_id, hotel_id, date_of_departure, return_date, number_of_people) VALUE (430,19,'2023-8-12 19:50:00','2023-8-25 8:00:00',6);
insert into package_tour(check_id, hotel_id, date_of_departure, return_date, number_of_people) VALUE (430,17,'2023-11-25 14:10:00','2023-12-14 11:00:00',2);
insert into package_tour(check_id, hotel_id, date_of_departure, return_date, number_of_people) VALUE (431,3,'2023-5-13 7:20:00','2023-5-28 20:00:00',1);
insert into package_tour(check_id, hotel_id, date_of_departure, return_date, number_of_people) VALUE (432,6,'2023-3-24 1:40:00','2023-4-10 3:00:00',3);
insert into package_tour(check_id, hotel_id, date_of_departure, return_date, number_of_people) VALUE (432,14,'2023-8-6 11:0:00','2023-8-22 8:00:00',6);
insert into package_tour(check_id, hotel_id, date_of_departure, return_date, number_of_people) VALUE (432,15,'2023-7-7 14:40:00','2023-7-24 22:00:00',3);
insert into package_tour(check_id, hotel_id, date_of_departure, return_date, number_of_people) VALUE (433,15,'2023-6-25 0:0:00','2023-7-1 3:00:00',2);
insert into package_tour(check_id, hotel_id, date_of_departure, return_date, number_of_people) VALUE (433,20,'2023-10-16 1:0:00','2023-10-22 18:00:00',5);
insert into package_tour(check_id, hotel_id, date_of_departure, return_date, number_of_people) VALUE (433,15,'2023-11-22 10:50:00','2023-11-24 14:00:00',2);
insert into package_tour(check_id, hotel_id, date_of_departure, return_date, number_of_people) VALUE (434,13,'2023-3-8 2:20:00','2023-3-16 20:00:00',3);
insert into package_tour(check_id, hotel_id, date_of_departure, return_date, number_of_people) VALUE (434,2,'2023-1-17 11:20:00','2023-1-20 4:00:00',8);
insert into package_tour(check_id, hotel_id, date_of_departure, return_date, number_of_people) VALUE (434,2,'2023-1-22 10:30:00','2023-2-14 23:00:00',4);
insert into package_tour(check_id, hotel_id, date_of_departure, return_date, number_of_people) VALUE (435,16,'2023-3-6 6:50:00','2023-3-16 5:00:00',2);
insert into package_tour(check_id, hotel_id, date_of_departure, return_date, number_of_people) VALUE (436,16,'2023-11-25 4:0:00','2023-12-13 1:00:00',2);
insert into package_tour(check_id, hotel_id, date_of_departure, return_date, number_of_people) VALUE (436,19,'2023-8-4 4:20:00','2023-8-23 3:00:00',1);
insert into package_tour(check_id, hotel_id, date_of_departure, return_date, number_of_people) VALUE (437,13,'2023-3-3 16:50:00','2023-3-24 16:00:00',3);
insert into package_tour(check_id, hotel_id, date_of_departure, return_date, number_of_people) VALUE (438,5,'2023-4-25 20:10:00','2023-5-17 6:00:00',5);
insert into package_tour(check_id, hotel_id, date_of_departure, return_date, number_of_people) VALUE (438,17,'2023-4-3 0:30:00','2023-4-19 18:00:00',2);
insert into package_tour(check_id, hotel_id, date_of_departure, return_date, number_of_people) VALUE (438,3,'2023-4-1 13:40:00','2023-4-8 0:00:00',12);
insert into package_tour(check_id, hotel_id, date_of_departure, return_date, number_of_people) VALUE (439,3,'2023-9-26 15:0:00','2023-10-5 13:00:00',6);
insert into package_tour(check_id, hotel_id, date_of_departure, return_date, number_of_people) VALUE (439,6,'2023-10-16 7:10:00','2023-11-8 3:00:00',1);
insert into package_tour(check_id, hotel_id, date_of_departure, return_date, number_of_people) VALUE (439,7,'2023-9-4 0:10:00','2023-9-12 2:00:00',10);
insert into package_tour(check_id, hotel_id, date_of_departure, return_date, number_of_people) VALUE (440,13,'2023-4-11 17:40:00','2023-4-15 8:00:00',3);
insert into package_tour(check_id, hotel_id, date_of_departure, return_date, number_of_people) VALUE (440,10,'2023-6-24 16:20:00','2023-7-2 17:00:00',2);
insert into package_tour(check_id, hotel_id, date_of_departure, return_date, number_of_people) VALUE (441,19,'2023-10-15 2:0:00','2023-11-2 2:00:00',6);
insert into package_tour(check_id, hotel_id, date_of_departure, return_date, number_of_people) VALUE (441,5,'2023-11-16 17:30:00','2023-12-7 19:00:00',1);
insert into package_tour(check_id, hotel_id, date_of_departure, return_date, number_of_people) VALUE (441,4,'2023-8-25 11:10:00','2023-9-18 3:00:00',2);
insert into package_tour(check_id, hotel_id, date_of_departure, return_date, number_of_people) VALUE (442,13,'2023-6-18 10:30:00','2023-6-22 2:00:00',2);
insert into package_tour(check_id, hotel_id, date_of_departure, return_date, number_of_people) VALUE (442,10,'2023-11-18 4:30:00','2023-11-24 16:00:00',4);
insert into package_tour(check_id, hotel_id, date_of_departure, return_date, number_of_people) VALUE (442,15,'2023-2-14 4:10:00','2023-2-23 14:00:00',3);
insert into package_tour(check_id, hotel_id, date_of_departure, return_date, number_of_people) VALUE (443,18,'2023-5-24 2:30:00','2023-6-16 4:00:00',50);
insert into package_tour(check_id, hotel_id, date_of_departure, return_date, number_of_people) VALUE (443,3,'2023-4-9 19:40:00','2023-4-12 3:00:00',5);
insert into package_tour(check_id, hotel_id, date_of_departure, return_date, number_of_people) VALUE (444,4,'2023-6-11 23:0:00','2023-6-16 12:00:00',1);
insert into package_tour(check_id, hotel_id, date_of_departure, return_date, number_of_people) VALUE (445,15,'2023-5-15 8:40:00','2023-6-4 9:00:00',1);
insert into package_tour(check_id, hotel_id, date_of_departure, return_date, number_of_people) VALUE (445,4,'2023-7-27 23:30:00','2023-8-12 10:00:00',2);
insert into package_tour(check_id, hotel_id, date_of_departure, return_date, number_of_people) VALUE (446,8,'2023-10-6 9:50:00','2023-10-14 4:00:00',3);
insert into package_tour(check_id, hotel_id, date_of_departure, return_date, number_of_people) VALUE (447,16,'2023-3-17 13:30:00','2023-4-5 12:00:00',10);
insert into package_tour(check_id, hotel_id, date_of_departure, return_date, number_of_people) VALUE (447,16,'2023-6-21 8:0:00','2023-7-13 21:00:00',2);
insert into package_tour(check_id, hotel_id, date_of_departure, return_date, number_of_people) VALUE (448,20,'2023-5-18 5:50:00','2023-6-5 21:00:00',10);
insert into package_tour(check_id, hotel_id, date_of_departure, return_date, number_of_people) VALUE (449,11,'2023-11-10 4:40:00','2023-11-23 15:00:00',8);
insert into package_tour(check_id, hotel_id, date_of_departure, return_date, number_of_people) VALUE (449,5,'2023-11-11 4:0:00','2023-11-28 16:00:00',3);
insert into package_tour(check_id, hotel_id, date_of_departure, return_date, number_of_people) VALUE (450,19,'2023-2-7 9:50:00','2023-2-12 19:00:00',2);
insert into package_tour(check_id, hotel_id, date_of_departure, return_date, number_of_people) VALUE (450,11,'2023-1-4 13:20:00','2023-1-10 13:00:00',2);
insert into package_tour(check_id, hotel_id, date_of_departure, return_date, number_of_people) VALUE (451,13,'2023-4-7 7:40:00','2023-4-26 17:00:00',10);
insert into package_tour(check_id, hotel_id, date_of_departure, return_date, number_of_people) VALUE (451,7,'2023-9-15 8:50:00','2023-9-19 16:00:00',3);
insert into package_tour(check_id, hotel_id, date_of_departure, return_date, number_of_people) VALUE (452,15,'2023-4-25 23:20:00','2023-5-12 4:00:00',25);
insert into package_tour(check_id, hotel_id, date_of_departure, return_date, number_of_people) VALUE (452,18,'2023-6-20 6:30:00','2023-7-8 16:00:00',7);
insert into package_tour(check_id, hotel_id, date_of_departure, return_date, number_of_people) VALUE (453,5,'2023-1-22 7:0:00','2023-2-10 6:00:00',2);
