1,1,7,"2023-2-13 4:10:00","2023-3-3 17:00:00",2
2,1,16,"2023-4-15 3:30:00","2023-4-17 5:00:00",1
3,1,2,"2023-12-10 20:10:00","2023-12-20 17:00:00",3
4,2,6,"2023-3-16 8:20:00","2023-3-18 19:00:00",2
5,3,17,"2023-8-16 7:20:00","2023-8-21 1:00:00",6
6,4,10,"2023-12-8 6:20:00","2023-12-10 3:00:00",7
7,4,13,"2023-9-1 20:0:00","2023-9-19 5:00:00",2
8,5,11,"2023-7-5 1:50:00","2023-7-26 5:00:00",2
9,6,9,"2023-9-18 21:30:00","2023-9-26 10:00:00",1
10,6,11,"2023-1-19 4:10:00","2023-2-1 19:00:00",3
11,6,13,"2023-4-28 23:50:00","2023-5-20 11:00:00",3
12,7,1,"2023-10-19 7:20:00","2023-10-26 1:00:00",8
13,7,16,"2023-12-14 18:30:00","2023-12-24 9:00:00",3
14,7,5,"2023-10-18 14:10:00","2023-11-1 19:00:00",3
15,8,13,"2023-9-7 7:40:00","2023-9-25 6:00:00",2
16,8,3,"2023-12-12 14:10:00","2023-12-28 5:00:00",2
17,8,5,"2023-9-9 0:30:00","2023-9-15 22:00:00",3
18,9,2,"2023-11-19 9:10:00","2023-12-2 15:00:00",3
19,9,10,"2023-1-5 14:20:00","2023-1-22 13:00:00",8
20,9,10,"2023-1-24 3:30:00","2023-2-5 12:00:00",2
21,10,20,"2023-10-26 19:0:00","2023-11-6 22:00:00",3
22,11,13,"2023-3-25 12:30:00","2023-4-4 0:00:00",2
23,12,14,"2023-3-1 2:40:00","2023-3-9 14:00:00",12
24,12,9,"2023-4-19 17:0:00","2023-4-22 1:00:00",2
25,12,11,"2023-1-19 13:10:00","2023-2-5 23:00:00",1
26,13,6,"2023-10-24 6:50:00","2023-11-9 4:00:00",50
27,13,9,"2023-10-4 18:30:00","2023-10-6 10:00:00",3
28,13,5,"2023-4-2 3:20:00","2023-4-9 14:00:00",2
29,14,7,"2023-12-19 13:10:00","2023-12-24 22:00:00",2
30,14,10,"2023-11-19 0:50:00","2023-11-24 21:00:00",16
31,14,7,"2023-8-17 17:0:00","2023-8-19 23:00:00",6
32,15,19,"2023-7-16 5:40:00","2023-7-25 23:00:00",3
33,15,16,"2023-5-17 0:0:00","2023-5-20 15:00:00",4
34,15,12,"2023-4-8 15:0:00","2023-4-17 4:00:00",2
35,16,19,"2023-10-25 1:0:00","2023-11-9 17:00:00",2
36,16,5,"2023-12-1 0:50:00","2023-12-14 9:00:00",5
37,16,18,"2023-12-6 8:20:00","2023-12-25 0:00:00",16
38,17,6,"2023-10-18 13:30:00","2023-11-9 2:00:00",1
39,17,18,"2023-6-17 1:30:00","2023-6-20 5:00:00",7
40,17,19,"2023-4-6 14:40:00","2023-4-18 2:00:00",5
41,18,18,"2023-3-16 10:0:00","2023-4-7 1:00:00",1
42,18,7,"2023-8-21 10:0:00","2023-8-23 0:00:00",16
43,19,5,"2023-3-11 11:50:00","2023-3-25 11:00:00",3
44,19,1,"2023-4-6 9:20:00","2023-4-25 19:00:00",5
45,19,6,"2023-2-15 11:20:00","2023-3-8 19:00:00",2
46,20,3,"2023-9-6 8:0:00","2023-9-15 5:00:00",1
47,20,6,"2023-6-13 17:40:00","2023-7-4 14:00:00",1
48,20,14,"2023-11-26 11:50:00","2023-12-6 16:00:00",2
49,21,19,"2023-7-6 14:10:00","2023-7-21 4:00:00",3
50,21,7,"2023-1-19 9:10:00","2023-2-8 5:00:00",2
51,22,17,"2023-1-24 23:0:00","2023-1-28 1:00:00",2
52,22,3,"2023-11-3 23:0:00","2023-11-7 23:00:00",7
53,23,1,"2023-5-18 12:40:00","2023-5-23 7:00:00",2
54,23,5,"2023-12-4 5:30:00","2023-12-16 13:00:00",3
55,24,10,"2023-4-4 14:20:00","2023-4-18 5:00:00",2
56,25,15,"2023-1-5 0:0:00","2023-1-9 6:00:00",2
57,26,15,"2023-11-22 14:40:00","2023-11-24 14:00:00",8
58,26,11,"2023-3-1 8:30:00","2023-3-15 17:00:00",6
59,26,5,"2023-5-17 22:50:00","2023-5-20 11:00:00",3
60,27,15,"2023-10-17 0:20:00","2023-11-7 4:00:00",2
61,27,7,"2023-11-21 13:50:00","2023-12-4 11:00:00",2
62,27,18,"2023-2-25 12:50:00","2023-2-28 14:00:00",3
63,28,5,"2023-10-13 0:0:00","2023-11-3 1:00:00",1
64,28,4,"2023-5-13 22:20:00","2023-5-18 23:00:00",7
65,29,11,"2023-3-19 3:10:00","2023-3-24 2:00:00",8
66,30,15,"2023-2-21 6:50:00","2023-3-11 4:00:00",3
67,30,16,"2023-8-4 3:40:00","2023-8-20 12:00:00",4
68,30,20,"2023-3-12 20:20:00","2023-3-28 8:00:00",2
69,31,3,"2023-12-24 6:0:00","2024-1-4 4:00:00",2
70,31,1,"2023-11-16 15:10:00","2023-11-23 7:00:00",16
71,32,11,"2023-11-27 13:10:00","2023-12-15 19:00:00",2
72,33,2,"2023-10-14 18:50:00","2023-10-18 4:00:00",6
73,33,8,"2023-3-7 22:20:00","2023-3-9 4:00:00",2
74,34,7,"2023-12-23 18:30:00","2024-1-10 10:00:00",4
75,35,4,"2023-1-16 10:40:00","2023-2-6 23:00:00",2
76,35,9,"2023-9-11 19:20:00","2023-9-21 1:00:00",2
77,35,2,"2023-8-6 20:20:00","2023-8-10 10:00:00",1
78,36,16,"2023-9-10 4:30:00","2023-9-19 20:00:00",3
79,36,2,"2023-8-5 18:20:00","2023-8-16 11:00:00",1
80,37,15,"2023-9-28 15:0:00","2023-10-10 21:00:00",7
81,38,18,"2023-2-11 15:20:00","2023-2-28 6:00:00",3
82,38,10,"2023-7-23 18:30:00","2023-8-9 14:00:00",3
83,39,18,"2023-7-5 21:20:00","2023-7-23 6:00:00",2
84,40,9,"2023-7-14 10:10:00","2023-7-19 1:00:00",4
85,40,10,"2023-10-20 0:30:00","2023-10-24 2:00:00",50
86,40,2,"2023-8-25 1:50:00","2023-9-4 3:00:00",1
87,41,20,"2023-5-16 21:0:00","2023-5-22 16:00:00",3
88,41,13,"2023-7-6 2:40:00","2023-7-8 19:00:00",5
89,42,14,"2023-12-9 18:20:00","2023-12-23 12:00:00",10
90,43,5,"2023-5-4 20:20:00","2023-5-17 3:00:00",2
91,44,17,"2023-5-1 1:30:00","2023-5-14 16:00:00",16
92,44,9,"2023-10-5 20:20:00","2023-10-16 7:00:00",3
93,44,18,"2023-2-21 9:40:00","2023-3-1 11:00:00",1
94,45,17,"2023-8-24 17:20:00","2023-9-7 14:00:00",3
95,46,1,"2023-4-26 8:20:00","2023-4-28 9:00:00",2
96,46,13,"2023-11-28 20:30:00","2023-12-4 8:00:00",2
97,47,6,"2023-11-21 1:40:00","2023-12-6 12:00:00",4
98,47,15,"2023-6-12 13:10:00","2023-6-21 10:00:00",4
99,47,14,"2023-8-8 21:20:00","2023-8-24 9:00:00",1
100,48,3,"2023-3-28 5:20:00","2023-4-11 11:00:00",2
101,48,15,"2023-7-17 19:40:00","2023-7-19 16:00:00",50
102,49,5,"2023-10-3 19:50:00","2023-10-20 22:00:00",2
103,49,20,"2023-10-9 7:50:00","2023-10-16 23:00:00",2
104,49,4,"2023-3-8 1:0:00","2023-3-12 16:00:00",3
105,50,9,"2023-11-11 15:30:00","2023-12-1 16:00:00",8
106,50,3,"2023-9-13 3:40:00","2023-10-2 19:00:00",2
107,51,15,"2023-3-9 15:0:00","2023-3-28 23:00:00",2
108,51,13,"2023-6-1 19:30:00","2023-6-19 18:00:00",8
109,51,17,"2023-7-22 3:40:00","2023-7-27 9:00:00",2
110,52,17,"2023-10-25 15:20:00","2023-11-6 22:00:00",3
111,52,2,"2023-2-9 21:20:00","2023-2-17 18:00:00",16
112,52,15,"2023-8-9 15:20:00","2023-8-22 18:00:00",4
113,53,20,"2023-7-20 8:50:00","2023-8-11 18:00:00",1
114,54,5,"2023-4-13 0:20:00","2023-4-24 8:00:00",1
115,54,5,"2023-6-10 18:10:00","2023-6-16 8:00:00",6
116,54,9,"2023-6-22 8:30:00","2023-7-9 13:00:00",4
117,55,2,"2023-9-3 11:0:00","2023-9-6 13:00:00",2
118,55,12,"2023-12-9 12:30:00","2023-12-15 16:00:00",12
119,56,6,"2023-8-5 1:50:00","2023-8-19 6:00:00",3
120,56,10,"2023-2-3 23:30:00","2023-2-6 7:00:00",3
121,57,16,"2023-11-19 8:20:00","2023-12-1 8:00:00",2
122,57,20,"2023-10-7 5:50:00","2023-10-15 6:00:00",3
123,58,6,"2023-8-17 7:20:00","2023-9-9 22:00:00",1
124,59,18,"2023-12-14 22:50:00","2024-1-7 3:00:00",2
125,59,2,"2023-6-8 23:40:00","2023-6-20 13:00:00",50
126,60,8,"2023-5-27 16:30:00","2023-6-12 14:00:00",2
127,61,15,"2023-11-8 9:50:00","2023-11-13 16:00:00",2
128,61,14,"2023-5-22 9:20:00","2023-6-8 3:00:00",3
129,62,4,"2023-9-16 1:30:00","2023-10-7 6:00:00",2
130,62,16,"2023-3-9 15:50:00","2023-3-26 11:00:00",1
131,63,6,"2023-9-23 3:10:00","2023-9-25 13:00:00",12
132,63,3,"2023-11-20 23:30:00","2023-12-8 7:00:00",8
133,63,14,"2023-8-13 4:20:00","2023-8-27 13:00:00",2
134,64,9,"2023-5-11 1:40:00","2023-6-2 23:00:00",3
135,64,6,"2023-9-2 3:10:00","2023-9-18 19:00:00",50
136,65,2,"2023-1-1 4:10:00","2023-1-18 11:00:00",1
137,65,18,"2023-8-28 2:10:00","2023-9-5 6:00:00",3
138,65,14,"2023-3-18 4:10:00","2023-4-10 20:00:00",2
139,66,6,"2023-12-13 20:50:00","2023-12-24 15:00:00",2
140,66,14,"2023-6-17 15:40:00","2023-7-3 8:00:00",50
141,66,5,"2023-8-22 13:20:00","2023-9-3 9:00:00",3
142,67,8,"2023-2-2 16:10:00","2023-2-10 12:00:00",3
143,67,19,"2023-9-8 12:30:00","2023-9-12 13:00:00",25
144,68,7,"2023-11-23 5:10:00","2023-12-6 20:00:00",2
145,68,14,"2023-9-4 22:40:00","2023-9-17 13:00:00",1
146,68,16,"2023-2-16 3:50:00","2023-3-1 2:00:00",3
147,69,7,"2023-3-3 22:50:00","2023-3-16 17:00:00",1
148,69,7,"2023-6-25 10:40:00","2023-6-28 0:00:00",10
149,69,14,"2023-12-15 13:0:00","2023-12-23 8:00:00",12
150,70,3,"2023-12-11 1:50:00","2024-1-3 21:00:00",12
151,70,8,"2023-12-17 1:20:00","2023-12-19 11:00:00",10
152,70,2,"2023-11-1 13:10:00","2023-11-11 23:00:00",3
153,71,12,"2023-10-8 16:30:00","2023-10-28 11:00:00",50
154,71,11,"2023-10-25 2:10:00","2023-11-4 4:00:00",2
155,71,5,"2023-11-22 10:0:00","2023-11-26 22:00:00",2
156,72,3,"2023-5-23 19:0:00","2023-5-25 19:00:00",8
157,72,7,"2023-4-28 7:20:00","2023-5-14 19:00:00",2
158,73,17,"2023-10-24 17:20:00","2023-11-14 12:00:00",2
159,73,6,"2023-6-18 18:0:00","2023-6-24 23:00:00",1
160,74,14,"2023-3-27 22:30:00","2023-4-14 8:00:00",2
161,74,8,"2023-7-27 13:50:00","2023-8-18 18:00:00",7
162,74,16,"2023-5-8 2:10:00","2023-5-27 12:00:00",2
163,75,3,"2023-1-17 8:0:00","2023-1-22 18:00:00",2
164,75,7,"2023-5-12 14:30:00","2023-5-22 13:00:00",25
165,76,9,"2023-2-20 3:20:00","2023-3-5 6:00:00",1
166,77,2,"2023-6-6 0:20:00","2023-6-10 10:00:00",2
167,78,8,"2023-12-15 1:50:00","2023-12-19 9:00:00",6
168,78,9,"2023-8-21 0:10:00","2023-9-9 20:00:00",3
169,78,1,"2023-12-19 10:0:00","2023-12-28 22:00:00",3
170,79,19,"2023-1-12 6:30:00","2023-1-24 8:00:00",1
171,79,13,"2023-6-4 7:10:00","2023-6-17 20:00:00",3
172,79,7,"2023-9-11 19:40:00","2023-9-18 10:00:00",5
173,80,10,"2023-1-5 4:50:00","2023-1-25 23:00:00",50
174,81,4,"2023-12-3 21:30:00","2023-12-16 15:00:00",1
175,81,13,"2023-6-24 13:50:00","2023-7-14 17:00:00",8
176,81,18,"2023-6-12 12:30:00","2023-6-26 9:00:00",2
177,82,10,"2023-11-7 3:30:00","2023-11-16 9:00:00",2
178,83,17,"2023-12-11 10:0:00","2023-12-22 7:00:00",3
179,83,11,"2023-7-3 13:30:00","2023-7-8 17:00:00",3
180,84,3,"2023-1-21 15:50:00","2023-1-25 22:00:00",2
181,85,12,"2023-4-20 2:10:00","2023-5-10 14:00:00",12
182,85,6,"2023-3-7 21:40:00","2023-3-23 0:00:00",1
183,85,9,"2023-6-16 14:20:00","2023-7-5 14:00:00",16
184,86,9,"2023-8-11 11:40:00","2023-8-23 2:00:00",2
185,86,11,"2023-4-8 14:0:00","2023-4-21 10:00:00",7
186,86,14,"2023-8-11 4:50:00","2023-8-25 15:00:00",1
187,87,14,"2023-3-23 11:10:00","2023-3-27 3:00:00",2
188,87,4,"2023-12-6 17:20:00","2023-12-18 10:00:00",6
189,87,1,"2023-12-26 5:30:00","2024-1-9 15:00:00",10
190,88,13,"2023-6-24 12:30:00","2023-7-7 20:00:00",4
191,88,8,"2023-6-21 22:30:00","2023-7-14 14:00:00",2
192,89,11,"2023-9-9 4:50:00","2023-10-1 13:00:00",5
193,89,10,"2023-5-25 11:30:00","2023-6-8 16:00:00",1
194,90,19,"2023-9-4 21:10:00","2023-9-23 2:00:00",2
195,90,4,"2023-2-5 22:40:00","2023-2-14 16:00:00",7
196,90,11,"2023-10-24 15:20:00","2023-11-4 15:00:00",5
197,91,11,"2023-5-26 11:10:00","2023-6-5 5:00:00",8
198,91,16,"2023-6-19 11:50:00","2023-7-5 6:00:00",3
199,92,6,"2023-9-15 0:40:00","2023-9-27 21:00:00",16
200,92,15,"2023-8-28 12:30:00","2023-9-10 10:00:00",12
201,92,7,"2023-12-24 8:30:00","2024-1-6 12:00:00",2
202,93,15,"2023-6-18 4:30:00","2023-7-3 9:00:00",2
203,94,9,"2023-7-1 21:30:00","2023-7-4 2:00:00",2
204,94,18,"2023-9-12 18:20:00","2023-10-5 17:00:00",2
205,95,15,"2023-12-7 19:20:00","2023-12-26 5:00:00",4
206,95,11,"2023-11-1 13:40:00","2023-11-4 23:00:00",8
207,95,1,"2023-11-14 7:40:00","2023-12-6 19:00:00",4
208,96,10,"2023-5-12 4:0:00","2023-5-27 1:00:00",4
209,96,6,"2023-1-26 14:0:00","2023-2-6 15:00:00",50
210,96,8,"2023-5-28 5:50:00","2023-6-17 15:00:00",2
211,97,18,"2023-9-25 11:10:00","2023-10-16 15:00:00",3
212,98,14,"2023-5-11 3:50:00","2023-5-26 12:00:00",1
213,98,14,"2023-10-8 6:40:00","2023-10-19 5:00:00",16
214,99,6,"2023-11-10 4:20:00","2023-11-27 2:00:00",16
215,100,20,"2023-10-15 13:10:00","2023-10-18 14:00:00",2
216,101,17,"2023-1-4 0:10:00","2023-1-16 5:00:00",1
217,101,3,"2023-3-20 22:30:00","2023-4-13 23:00:00",2
218,101,19,"2023-2-3 1:40:00","2023-2-19 22:00:00",4
219,102,13,"2023-11-8 19:50:00","2023-11-13 7:00:00",2
220,103,2,"2023-10-7 23:50:00","2023-10-25 23:00:00",12
221,104,1,"2023-10-24 2:10:00","2023-11-14 0:00:00",2
222,104,20,"2023-11-7 20:50:00","2023-11-27 20:00:00",8
223,104,17,"2023-4-22 8:20:00","2023-5-12 5:00:00",1
224,105,1,"2023-4-3 3:10:00","2023-4-14 4:00:00",5
225,106,3,"2023-4-28 14:30:00","2023-5-2 23:00:00",2
226,106,16,"2023-6-2 16:10:00","2023-6-9 4:00:00",5
227,106,14,"2023-9-7 1:0:00","2023-9-18 14:00:00",7
228,107,5,"2023-12-2 4:20:00","2023-12-5 18:00:00",12
229,107,19,"2023-2-15 19:0:00","2023-2-21 5:00:00",5
230,108,15,"2023-6-25 17:40:00","2023-7-15 4:00:00",2
231,109,15,"2023-3-6 1:20:00","2023-3-13 21:00:00",2
232,109,5,"2023-2-3 1:30:00","2023-2-12 0:00:00",5
233,109,11,"2023-7-14 8:10:00","2023-7-16 10:00:00",5
234,110,17,"2023-10-18 6:20:00","2023-11-4 0:00:00",2
235,110,16,"2023-7-13 4:40:00","2023-7-18 17:00:00",2
236,111,2,"2023-5-19 2:40:00","2023-5-24 23:00:00",2
237,111,3,"2023-7-19 1:40:00","2023-7-23 2:00:00",3
238,111,9,"2023-9-26 23:10:00","2023-10-3 1:00:00",2
239,112,6,"2023-10-18 6:10:00","2023-10-23 22:00:00",4
240,112,4,"2023-6-2 18:40:00","2023-6-10 6:00:00",2
241,113,10,"2023-12-4 13:0:00","2023-12-14 16:00:00",5
242,113,19,"2023-7-2 15:10:00","2023-7-8 11:00:00",2
243,113,20,"2023-4-8 23:40:00","2023-4-22 11:00:00",5
244,114,8,"2023-3-1 22:40:00","2023-3-16 19:00:00",1
245,114,20,"2023-5-25 18:30:00","2023-6-18 14:00:00",4
246,114,19,"2023-1-4 18:30:00","2023-1-11 2:00:00",16
247,115,3,"2023-1-21 7:40:00","2023-2-5 8:00:00",3
248,115,7,"2023-9-20 5:40:00","2023-9-23 4:00:00",3
249,116,8,"2023-12-1 14:0:00","2023-12-7 23:00:00",16
250,116,17,"2023-1-23 9:20:00","2023-2-14 10:00:00",1
251,116,11,"2023-9-19 20:40:00","2023-10-9 3:00:00",3
252,117,17,"2023-1-27 16:20:00","2023-2-14 0:00:00",25
253,117,12,"2023-12-16 8:50:00","2023-12-27 18:00:00",6
254,117,1,"2023-12-26 17:50:00","2024-1-7 4:00:00",2
255,118,3,"2023-2-1 5:50:00","2023-2-13 11:00:00",2
256,119,14,"2023-8-8 15:30:00","2023-8-21 7:00:00",2
257,119,6,"2023-10-22 10:50:00","2023-11-1 5:00:00",3
258,119,11,"2023-12-10 18:50:00","2023-12-13 6:00:00",1
259,120,13,"2023-10-25 22:10:00","2023-11-12 0:00:00",10
260,121,19,"2023-10-9 5:10:00","2023-10-12 13:00:00",3
261,122,9,"2023-7-28 10:40:00","2023-8-5 4:00:00",5
262,123,6,"2023-11-15 3:0:00","2023-12-4 2:00:00",2
263,124,1,"2023-6-12 13:20:00","2023-6-27 22:00:00",25
264,124,18,"2023-7-7 16:30:00","2023-7-21 4:00:00",2
265,124,9,"2023-3-20 13:0:00","2023-3-28 7:00:00",2
266,125,6,"2023-4-4 3:0:00","2023-4-19 18:00:00",2
267,125,4,"2023-11-17 16:0:00","2023-11-21 19:00:00",6
268,126,10,"2023-12-21 8:20:00","2024-1-12 6:00:00",3
269,126,17,"2023-3-7 15:50:00","2023-3-24 5:00:00",2
270,126,3,"2023-6-10 0:50:00","2023-7-2 12:00:00",1
271,127,5,"2023-5-16 12:10:00","2023-6-7 15:00:00",10
272,127,17,"2023-9-16 2:0:00","2023-10-3 17:00:00",2
273,127,18,"2023-9-23 16:30:00","2023-9-28 16:00:00",1
274,128,1,"2023-12-28 1:50:00","2024-1-20 10:00:00",8
275,128,17,"2023-10-27 19:20:00","2023-11-7 3:00:00",2
276,128,20,"2023-9-7 1:10:00","2023-9-23 6:00:00",2
277,129,8,"2023-10-28 17:30:00","2023-11-4 10:00:00",3
278,130,5,"2023-10-13 0:50:00","2023-10-22 22:00:00",2
279,131,16,"2023-12-5 17:50:00","2023-12-11 20:00:00",2
280,131,11,"2023-6-15 6:10:00","2023-6-20 6:00:00",3
281,131,15,"2023-9-5 3:10:00","2023-9-7 19:00:00",2
282,132,8,"2023-6-18 6:10:00","2023-6-27 14:00:00",2
283,132,17,"2023-11-18 16:10:00","2023-12-11 17:00:00",4
284,133,16,"2023-8-6 18:30:00","2023-8-13 9:00:00",2
285,134,20,"2023-1-13 20:20:00","2023-2-6 1:00:00",1
286,134,13,"2023-12-14 20:20:00","2023-12-21 0:00:00",2
287,135,2,"2023-1-14 21:10:00","2023-1-26 22:00:00",2
288,135,17,"2023-4-21 18:40:00","2023-5-13 12:00:00",8
289,135,12,"2023-4-16 3:30:00","2023-5-8 0:00:00",25
290,136,15,"2023-11-17 22:10:00","2023-12-7 11:00:00",1
291,136,2,"2023-5-11 18:30:00","2023-5-27 6:00:00",5
292,136,2,"2023-3-22 4:10:00","2023-4-13 2:00:00",4
293,137,7,"2023-7-11 10:0:00","2023-7-17 4:00:00",1
294,138,13,"2023-10-16 4:20:00","2023-11-8 6:00:00",7
295,138,18,"2023-1-18 20:30:00","2023-2-7 13:00:00",2
296,138,3,"2023-8-25 21:10:00","2023-9-2 9:00:00",10
297,139,7,"2023-1-27 0:0:00","2023-2-7 2:00:00",8
298,139,2,"2023-12-4 20:50:00","2023-12-12 0:00:00",3
299,139,12,"2023-9-5 23:30:00","2023-9-22 19:00:00",3
300,140,11,"2023-2-10 0:40:00","2023-2-14 23:00:00",7
301,140,15,"2023-6-6 4:20:00","2023-6-23 11:00:00",5
302,141,1,"2023-8-2 7:50:00","2023-8-10 3:00:00",2
303,141,6,"2023-1-10 3:20:00","2023-2-3 9:00:00",2
304,142,1,"2023-3-24 11:20:00","2023-4-10 1:00:00",3
305,142,8,"2023-3-14 13:30:00","2023-4-1 11:00:00",5
306,143,5,"2023-12-17 7:40:00","2023-12-23 0:00:00",2
307,143,4,"2023-3-18 12:30:00","2023-3-24 21:00:00",1
308,144,1,"2023-1-22 6:30:00","2023-2-15 2:00:00",2
309,144,7,"2023-5-17 7:0:00","2023-5-20 13:00:00",1
310,145,17,"2023-4-7 14:50:00","2023-4-26 19:00:00",12
311,146,1,"2023-9-21 7:50:00","2023-10-7 7:00:00",1
312,147,17,"2023-1-5 18:10:00","2023-1-8 8:00:00",2
313,147,20,"2023-6-24 4:0:00","2023-7-9 6:00:00",1
314,148,14,"2023-11-14 16:20:00","2023-11-21 10:00:00",25
315,148,7,"2023-6-20 9:0:00","2023-6-22 22:00:00",2
316,148,11,"2023-2-16 9:40:00","2023-3-9 17:00:00",2
317,149,16,"2023-11-24 8:30:00","2023-12-11 22:00:00",2
318,149,2,"2023-7-26 0:10:00","2023-8-1 10:00:00",3
319,149,14,"2023-8-25 5:20:00","2023-9-7 15:00:00",4
320,150,12,"2023-1-14 5:40:00","2023-2-3 5:00:00",2
321,151,3,"2023-2-25 8:30:00","2023-3-2 8:00:00",25
322,152,12,"2023-3-16 5:10:00","2023-4-6 21:00:00",2
323,153,15,"2023-4-20 23:0:00","2023-5-5 11:00:00",2
324,153,12,"2023-4-22 3:10:00","2023-5-5 18:00:00",1
325,153,8,"2023-8-24 3:10:00","2023-9-16 14:00:00",3
326,154,14,"2023-4-14 9:0:00","2023-5-1 16:00:00",50
327,155,16,"2023-5-19 15:10:00","2023-5-22 17:00:00",2
328,156,20,"2023-2-14 11:10:00","2023-2-22 13:00:00",1
329,157,8,"2023-1-20 7:40:00","2023-2-1 14:00:00",50
330,158,7,"2023-10-15 20:20:00","2023-10-26 21:00:00",2
331,158,2,"2023-10-10 20:30:00","2023-11-3 5:00:00",2
332,159,1,"2023-2-15 13:0:00","2023-3-5 9:00:00",4
333,159,19,"2023-4-13 4:30:00","2023-4-17 18:00:00",1
334,159,18,"2023-12-20 13:10:00","2023-12-28 14:00:00",5
335,160,10,"2023-10-26 22:10:00","2023-11-4 8:00:00",1
336,160,7,"2023-8-12 5:30:00","2023-8-14 7:00:00",8
337,160,12,"2023-3-23 9:30:00","2023-4-1 10:00:00",50
338,161,15,"2023-9-4 2:20:00","2023-9-7 0:00:00",3
339,162,3,"2023-10-25 18:10:00","2023-11-6 7:00:00",16
340,162,3,"2023-1-16 18:40:00","2023-2-3 18:00:00",2
341,162,15,"2023-4-2 5:50:00","2023-4-7 1:00:00",1
342,163,15,"2023-7-27 1:50:00","2023-8-3 11:00:00",2
343,163,15,"2023-2-28 14:30:00","2023-3-15 16:00:00",12
344,163,15,"2023-10-4 10:40:00","2023-10-19 3:00:00",5
345,164,10,"2023-11-25 23:40:00","2023-12-14 13:00:00",7
346,165,3,"2023-6-3 4:30:00","2023-6-13 12:00:00",1
347,166,12,"2023-3-7 11:20:00","2023-3-18 8:00:00",4
348,167,19,"2023-11-25 15:40:00","2023-12-11 19:00:00",16
349,167,15,"2023-7-26 21:0:00","2023-8-13 13:00:00",2
350,168,1,"2023-6-22 16:0:00","2023-7-10 17:00:00",3
351,169,13,"2023-11-11 22:50:00","2023-11-14 3:00:00",8
352,169,8,"2023-7-12 6:0:00","2023-7-28 16:00:00",5
353,169,11,"2023-1-13 10:20:00","2023-1-17 4:00:00",2
354,170,15,"2023-5-17 14:0:00","2023-6-5 3:00:00",10
355,170,18,"2023-5-24 14:20:00","2023-5-26 22:00:00",8
356,171,10,"2023-7-16 4:50:00","2023-8-7 3:00:00",2
357,171,19,"2023-10-11 12:10:00","2023-10-16 22:00:00",2
358,171,7,"2023-10-3 2:40:00","2023-10-19 5:00:00",2
359,172,17,"2023-11-18 12:40:00","2023-11-26 2:00:00",1
360,172,11,"2023-11-22 0:20:00","2023-12-8 17:00:00",4
361,173,17,"2023-11-9 23:10:00","2023-11-27 11:00:00",1
362,173,2,"2023-4-5 23:30:00","2023-4-14 8:00:00",2
363,174,9,"2023-7-24 22:0:00","2023-8-6 19:00:00",16
364,174,3,"2023-12-24 23:30:00","2024-1-14 4:00:00",2
365,175,5,"2023-12-27 3:50:00","2024-1-12 17:00:00",3
366,175,6,"2023-9-25 18:20:00","2023-9-27 16:00:00",1
367,176,5,"2023-2-3 4:30:00","2023-2-10 7:00:00",1
368,176,18,"2023-9-14 19:10:00","2023-9-16 11:00:00",2
369,177,10,"2023-4-27 11:10:00","2023-5-20 0:00:00",1
370,177,5,"2023-12-24 4:10:00","2023-12-28 20:00:00",3
371,178,20,"2023-11-14 2:30:00","2023-11-22 16:00:00",12
372,178,3,"2023-7-10 3:10:00","2023-7-26 5:00:00",6
373,179,3,"2023-11-18 3:10:00","2023-12-7 7:00:00",16
374,179,13,"2023-8-7 12:0:00","2023-8-13 3:00:00",1
375,180,17,"2023-3-7 10:0:00","2023-3-16 11:00:00",1
376,180,4,"2023-6-25 11:10:00","2023-7-11 2:00:00",2
377,180,7,"2023-7-4 12:0:00","2023-7-20 14:00:00",2
378,181,4,"2023-4-11 23:0:00","2023-5-3 20:00:00",25
379,182,10,"2023-1-10 7:0:00","2023-1-19 9:00:00",5
380,182,18,"2023-4-16 16:30:00","2023-5-9 1:00:00",2
381,182,12,"2023-2-2 1:20:00","2023-2-10 16:00:00",3
382,183,8,"2023-9-10 14:50:00","2023-9-18 1:00:00",4
383,183,4,"2023-5-7 0:40:00","2023-5-27 13:00:00",6
384,184,1,"2023-2-8 16:50:00","2023-2-22 7:00:00",2
385,185,7,"2023-7-4 5:50:00","2023-7-10 4:00:00",8
386,186,10,"2023-5-15 8:10:00","2023-5-24 21:00:00",50
387,186,1,"2023-8-13 23:20:00","2023-8-25 20:00:00",25
388,186,15,"2023-4-25 9:50:00","2023-5-6 22:00:00",4
389,187,1,"2023-5-18 12:40:00","2023-6-10 7:00:00",2
390,187,3,"2023-8-14 4:50:00","2023-8-17 17:00:00",3
391,188,20,"2023-2-19 17:40:00","2023-2-22 7:00:00",2
392,188,18,"2023-10-15 19:10:00","2023-11-7 3:00:00",16
393,189,6,"2023-6-20 7:30:00","2023-7-11 5:00:00",50
394,189,1,"2023-4-11 8:10:00","2023-4-24 23:00:00",1
395,190,18,"2023-10-23 14:30:00","2023-11-9 16:00:00",5
396,190,1,"2023-8-24 5:50:00","2023-9-16 20:00:00",1
397,191,5,"2023-3-16 20:10:00","2023-3-26 0:00:00",12
398,191,15,"2023-3-28 0:50:00","2023-4-17 14:00:00",3
399,192,3,"2023-3-7 21:50:00","2023-3-26 19:00:00",4
400,192,8,"2023-2-23 13:20:00","2023-2-28 7:00:00",2
401,192,10,"2023-8-14 10:0:00","2023-8-23 0:00:00",1
402,193,11,"2023-4-19 17:50:00","2023-4-21 5:00:00",2
403,193,20,"2023-2-14 4:40:00","2023-2-24 15:00:00",10
404,194,11,"2023-7-4 15:0:00","2023-7-6 14:00:00",6
405,194,9,"2023-6-20 2:40:00","2023-7-5 8:00:00",3
406,194,11,"2023-9-10 6:20:00","2023-10-3 23:00:00",2
407,195,11,"2023-10-28 18:0:00","2023-11-16 0:00:00",2
408,195,9,"2023-6-28 12:20:00","2023-7-15 2:00:00",16
409,196,8,"2023-12-10 23:40:00","2023-12-23 15:00:00",3
410,196,13,"2023-8-3 3:20:00","2023-8-9 14:00:00",50
411,197,11,"2023-4-3 17:40:00","2023-4-5 9:00:00",1
412,198,11,"2023-12-4 17:30:00","2023-12-18 7:00:00",50
413,198,11,"2023-9-22 7:50:00","2023-10-13 9:00:00",8
414,198,11,"2023-11-8 8:40:00","2023-11-17 4:00:00",50
415,199,3,"2023-5-13 5:0:00","2023-5-16 11:00:00",5
416,200,9,"2023-1-24 5:50:00","2023-2-1 9:00:00",5
417,200,13,"2023-12-19 11:0:00","2024-1-6 11:00:00",5
418,200,1,"2023-6-19 19:40:00","2023-7-4 12:00:00",4
419,201,6,"2023-4-18 14:10:00","2023-5-10 8:00:00",2
420,202,4,"2023-4-20 10:10:00","2023-4-23 5:00:00",3
421,202,2,"2023-10-8 12:0:00","2023-10-28 9:00:00",1
422,203,6,"2023-3-7 5:10:00","2023-3-24 5:00:00",4
423,203,4,"2023-1-28 21:0:00","2023-2-17 20:00:00",3
424,203,3,"2023-6-12 14:40:00","2023-6-20 16:00:00",2
425,204,3,"2023-8-22 7:10:00","2023-9-11 8:00:00",7
426,204,2,"2023-11-14 16:10:00","2023-12-1 3:00:00",6
427,204,18,"2023-4-18 1:0:00","2023-5-11 1:00:00",12
428,205,16,"2023-1-1 13:30:00","2023-1-7 4:00:00",2
429,206,4,"2023-1-6 6:10:00","2023-1-11 2:00:00",2
430,206,18,"2023-3-7 13:20:00","2023-3-27 12:00:00",2
431,206,1,"2023-12-20 5:40:00","2024-1-3 20:00:00",3
432,207,1,"2023-7-16 16:30:00","2023-7-18 7:00:00",1
433,207,19,"2023-6-8 2:20:00","2023-6-10 1:00:00",3
434,208,9,"2023-12-14 16:20:00","2023-12-27 12:00:00",2
435,208,7,"2023-9-20 6:50:00","2023-9-27 22:00:00",2
436,208,4,"2023-2-16 17:20:00","2023-3-1 3:00:00",6
437,209,20,"2023-9-21 6:0:00","2023-9-23 6:00:00",7
438,210,1,"2023-11-17 23:50:00","2023-11-26 9:00:00",2
439,210,20,"2023-7-12 11:40:00","2023-8-2 12:00:00",3
440,211,3,"2023-12-1 9:50:00","2023-12-19 15:00:00",7
441,211,10,"2023-3-5 22:0:00","2023-3-21 19:00:00",2
442,212,2,"2023-12-14 12:30:00","2024-1-5 11:00:00",1
443,212,11,"2023-5-27 22:0:00","2023-6-20 20:00:00",2
444,213,9,"2023-10-11 2:0:00","2023-10-20 8:00:00",3
445,214,16,"2023-2-23 12:20:00","2023-3-5 10:00:00",10
446,214,1,"2023-2-10 8:10:00","2023-2-23 18:00:00",5
447,215,17,"2023-6-25 3:40:00","2023-6-28 0:00:00",10
448,215,5,"2023-5-18 9:30:00","2023-6-3 4:00:00",2
449,215,15,"2023-5-1 16:30:00","2023-5-13 2:00:00",4
450,216,8,"2023-4-3 4:10:00","2023-4-10 10:00:00",1
451,217,3,"2023-11-19 0:10:00","2023-12-7 13:00:00",8
452,217,18,"2023-7-4 23:30:00","2023-7-9 18:00:00",1
453,218,19,"2023-11-16 17:0:00","2023-12-5 7:00:00",2
454,218,4,"2023-12-11 6:20:00","2024-1-4 9:00:00",4
455,219,3,"2023-9-10 15:30:00","2023-9-17 19:00:00",2
456,219,19,"2023-12-16 22:0:00","2024-1-1 17:00:00",5
457,220,20,"2023-1-4 16:40:00","2023-1-21 0:00:00",2
458,220,1,"2023-6-8 5:50:00","2023-6-15 22:00:00",1
459,221,10,"2023-3-21 12:10:00","2023-4-1 4:00:00",2
460,221,6,"2023-11-25 6:20:00","2023-12-4 1:00:00",1
461,222,16,"2023-10-6 0:40:00","2023-10-25 7:00:00",10
462,222,3,"2023-12-16 23:10:00","2023-12-26 0:00:00",10
463,222,15,"2023-5-4 0:20:00","2023-5-12 0:00:00",2
464,223,10,"2023-3-18 6:20:00","2023-4-11 17:00:00",50
465,223,15,"2023-3-12 10:10:00","2023-3-21 4:00:00",12
466,224,1,"2023-8-17 11:40:00","2023-8-28 4:00:00",2
467,224,8,"2023-1-9 23:50:00","2023-1-16 19:00:00",2
468,225,10,"2023-6-14 4:30:00","2023-6-16 16:00:00",12
469,225,15,"2023-2-26 12:10:00","2023-3-13 8:00:00",1
470,225,16,"2023-9-23 22:40:00","2023-10-2 5:00:00",2
471,226,15,"2023-7-6 11:40:00","2023-7-21 12:00:00",5
472,226,7,"2023-3-24 20:50:00","2023-4-16 6:00:00",2
473,226,13,"2023-2-25 23:0:00","2023-3-14 1:00:00",2
474,227,4,"2023-2-6 6:50:00","2023-2-25 15:00:00",2
475,227,18,"2023-4-12 6:40:00","2023-4-26 9:00:00",2
476,228,2,"2023-11-22 0:30:00","2023-12-7 10:00:00",3
477,228,12,"2023-6-22 19:30:00","2023-7-10 2:00:00",3
478,229,6,"2023-9-19 4:30:00","2023-10-12 18:00:00",50
479,229,17,"2023-1-15 14:50:00","2023-2-7 18:00:00",1
480,230,20,"2023-3-16 7:30:00","2023-4-6 19:00:00",7
481,230,10,"2023-4-9 15:0:00","2023-4-22 6:00:00",3
482,230,14,"2023-6-2 15:40:00","2023-6-13 19:00:00",6
483,231,3,"2023-12-9 21:50:00","2023-12-15 23:00:00",5
484,231,12,"2023-7-9 2:30:00","2023-7-23 15:00:00",3
485,232,11,"2023-11-21 12:50:00","2023-12-4 10:00:00",3
486,232,17,"2023-4-16 5:40:00","2023-5-9 16:00:00",2
487,233,1,"2023-5-21 15:30:00","2023-6-7 5:00:00",8
488,233,15,"2023-4-8 10:10:00","2023-4-10 14:00:00",25
489,234,8,"2023-4-6 12:0:00","2023-4-13 20:00:00",7
490,234,5,"2023-12-11 2:30:00","2023-12-28 12:00:00",2
491,234,16,"2023-4-5 21:0:00","2023-4-11 6:00:00",2
492,235,2,"2023-11-27 23:50:00","2023-12-6 5:00:00",5
493,235,2,"2023-12-6 6:10:00","2023-12-18 17:00:00",2
494,235,7,"2023-7-12 10:40:00","2023-8-4 5:00:00",1
495,236,7,"2023-11-24 1:30:00","2023-12-16 3:00:00",5
496,236,11,"2023-6-14 11:10:00","2023-6-26 15:00:00",3
497,237,9,"2023-9-8 21:50:00","2023-9-28 2:00:00",12
498,237,15,"2023-3-26 21:0:00","2023-4-9 21:00:00",16
499,238,3,"2023-7-2 18:0:00","2023-7-20 4:00:00",2
500,239,17,"2023-9-16 4:10:00","2023-9-24 3:00:00",1
501,239,20,"2023-5-18 1:50:00","2023-6-10 14:00:00",50
502,240,20,"2023-8-5 13:10:00","2023-8-23 15:00:00",3
503,240,10,"2023-7-12 16:20:00","2023-7-14 11:00:00",3
504,241,9,"2023-4-16 9:40:00","2023-5-4 12:00:00",5
505,241,10,"2023-5-18 22:50:00","2023-5-21 16:00:00",5
506,241,8,"2023-6-10 18:40:00","2023-6-28 1:00:00",1
507,242,4,"2023-1-18 16:40:00","2023-1-25 20:00:00",25
508,243,13,"2023-3-26 18:0:00","2023-4-12 0:00:00",7
509,243,18,"2023-5-15 18:50:00","2023-5-18 8:00:00",7
510,244,19,"2023-5-11 14:0:00","2023-5-28 19:00:00",5
511,244,17,"2023-4-3 18:30:00","2023-4-9 11:00:00",8
512,245,17,"2023-12-25 19:40:00","2024-1-8 16:00:00",12
513,245,12,"2023-4-18 6:30:00","2023-5-9 10:00:00",3
514,246,19,"2023-2-20 9:0:00","2023-3-8 15:00:00",25
515,246,15,"2023-10-22 19:10:00","2023-11-10 18:00:00",2
516,247,8,"2023-11-13 19:40:00","2023-12-4 19:00:00",2
517,247,13,"2023-6-22 22:0:00","2023-6-25 5:00:00",3
518,248,7,"2023-10-27 7:10:00","2023-11-20 22:00:00",1
519,249,15,"2023-5-15 13:20:00","2023-5-17 7:00:00",6
520,249,15,"2023-6-24 2:30:00","2023-7-12 8:00:00",50
521,249,13,"2023-5-14 16:0:00","2023-5-16 6:00:00",5
522,250,20,"2023-3-24 14:20:00","2023-4-16 3:00:00",2
523,250,8,"2023-12-26 0:30:00","2024-1-18 6:00:00",8
524,250,18,"2023-2-20 19:30:00","2023-2-25 13:00:00",2
525,251,8,"2023-12-17 9:10:00","2023-12-22 17:00:00",2
526,251,18,"2023-3-22 14:30:00","2023-3-24 10:00:00",2
527,251,7,"2023-4-3 20:0:00","2023-4-23 7:00:00",2
528,252,17,"2023-10-23 23:10:00","2023-11-10 8:00:00",1
529,252,13,"2023-1-14 2:30:00","2023-2-3 12:00:00",1
530,252,8,"2023-6-15 0:0:00","2023-6-24 16:00:00",2
531,253,17,"2023-11-7 4:50:00","2023-11-19 11:00:00",1
532,254,3,"2023-9-24 14:20:00","2023-10-8 15:00:00",4
533,254,18,"2023-5-24 17:10:00","2023-6-14 12:00:00",3
534,254,1,"2023-11-18 20:20:00","2023-12-6 20:00:00",2
535,255,2,"2023-4-3 18:30:00","2023-4-20 8:00:00",7
536,255,9,"2023-4-24 3:40:00","2023-4-27 23:00:00",8
537,255,7,"2023-11-6 23:10:00","2023-11-27 20:00:00",1
538,256,15,"2023-4-13 12:50:00","2023-4-28 20:00:00",2
539,256,10,"2023-10-25 7:30:00","2023-11-4 9:00:00",4
540,256,16,"2023-1-27 8:30:00","2023-2-14 5:00:00",3
541,257,3,"2023-5-6 4:40:00","2023-5-24 16:00:00",50
542,257,3,"2023-10-15 10:50:00","2023-10-17 0:00:00",5
543,257,15,"2023-9-13 18:0:00","2023-10-6 2:00:00",6
544,258,4,"2023-12-16 0:30:00","2024-1-9 16:00:00",10
545,258,1,"2023-10-21 11:0:00","2023-11-9 11:00:00",3
546,259,14,"2023-12-16 8:20:00","2023-12-18 20:00:00",3
547,259,6,"2023-5-10 7:10:00","2023-5-13 8:00:00",3
548,259,7,"2023-4-18 7:0:00","2023-4-23 7:00:00",2
549,260,19,"2023-8-18 3:20:00","2023-9-8 14:00:00",1
550,261,10,"2023-4-14 9:10:00","2023-4-16 8:00:00",12
551,261,12,"2023-5-27 15:20:00","2023-6-4 22:00:00",3
552,262,9,"2023-1-10 23:20:00","2023-1-12 8:00:00",2
553,262,8,"2023-7-16 12:50:00","2023-7-18 18:00:00",1
554,262,7,"2023-8-9 10:0:00","2023-8-17 0:00:00",2
555,263,8,"2023-4-6 6:30:00","2023-4-17 11:00:00",4
556,264,13,"2023-7-22 7:50:00","2023-8-15 7:00:00",3
557,264,13,"2023-8-7 15:10:00","2023-8-24 3:00:00",2
558,265,19,"2023-10-26 8:20:00","2023-11-19 4:00:00",50
559,265,5,"2023-12-13 4:40:00","2023-12-20 17:00:00",5
560,265,15,"2023-12-19 1:0:00","2024-1-7 15:00:00",1
561,266,4,"2023-7-24 4:50:00","2023-8-13 6:00:00",2
562,266,4,"2023-9-15 0:30:00","2023-10-3 7:00:00",4
563,266,19,"2023-6-28 9:50:00","2023-7-16 0:00:00",8
564,267,20,"2023-4-3 20:30:00","2023-4-24 18:00:00",3
565,267,10,"2023-2-22 11:30:00","2023-3-7 8:00:00",7
566,268,18,"2023-7-1 1:20:00","2023-7-21 12:00:00",5
567,269,1,"2023-10-14 14:50:00","2023-11-3 14:00:00",2
568,269,7,"2023-3-10 9:50:00","2023-3-14 1:00:00",3
569,269,4,"2023-11-17 4:10:00","2023-12-6 10:00:00",2
570,270,9,"2023-10-22 19:20:00","2023-11-4 5:00:00",3
571,270,15,"2023-4-25 14:40:00","2023-5-9 7:00:00",2
572,271,9,"2023-12-15 23:40:00","2024-1-1 7:00:00",1
573,271,7,"2023-2-17 17:0:00","2023-2-23 17:00:00",1
574,272,18,"2023-5-17 22:40:00","2023-6-9 14:00:00",7
575,272,7,"2023-8-17 19:40:00","2023-9-6 19:00:00",16
576,272,7,"2023-5-28 20:30:00","2023-6-10 20:00:00",2
577,273,6,"2023-7-18 16:40:00","2023-8-9 10:00:00",16
578,273,15,"2023-4-24 18:30:00","2023-5-4 15:00:00",3
579,273,18,"2023-9-9 17:50:00","2023-9-15 21:00:00",1
580,274,18,"2023-4-19 0:10:00","2023-4-24 0:00:00",12
581,274,12,"2023-7-27 20:20:00","2023-8-15 12:00:00",16
582,274,8,"2023-12-2 20:50:00","2023-12-9 20:00:00",16
583,275,13,"2023-4-14 23:0:00","2023-5-4 11:00:00",7
584,276,6,"2023-8-10 21:10:00","2023-9-1 20:00:00",16
585,277,12,"2023-9-6 18:20:00","2023-9-11 3:00:00",16
586,277,18,"2023-10-21 14:10:00","2023-11-11 3:00:00",25
587,278,20,"2023-12-20 12:30:00","2023-12-22 1:00:00",3
588,278,20,"2023-1-2 13:40:00","2023-1-17 16:00:00",2
589,278,19,"2023-8-6 18:30:00","2023-8-9 10:00:00",12
590,279,16,"2023-1-8 7:20:00","2023-1-26 3:00:00",2
591,279,15,"2023-8-9 15:10:00","2023-9-2 11:00:00",2
592,280,2,"2023-8-14 0:50:00","2023-9-2 21:00:00",25
593,280,19,"2023-10-27 23:0:00","2023-11-16 22:00:00",2
594,280,10,"2023-2-1 12:30:00","2023-2-12 17:00:00",2
595,281,20,"2023-1-13 2:20:00","2023-1-26 0:00:00",2
596,282,19,"2023-7-8 5:30:00","2023-8-1 11:00:00",50
597,283,7,"2023-1-24 7:50:00","2023-2-12 11:00:00",16
598,283,16,"2023-2-16 11:20:00","2023-2-28 3:00:00",3
599,283,5,"2023-7-24 7:30:00","2023-8-8 1:00:00",3
600,284,17,"2023-10-21 21:40:00","2023-11-5 11:00:00",4
601,285,18,"2023-8-9 6:20:00","2023-8-20 18:00:00",4
602,285,12,"2023-8-25 0:0:00","2023-9-17 9:00:00",2
603,285,5,"2023-3-25 11:10:00","2023-4-17 5:00:00",1
604,286,6,"2023-10-28 14:10:00","2023-11-12 0:00:00",1
605,286,19,"2023-5-12 18:50:00","2023-5-24 21:00:00",25
606,287,16,"2023-2-2 5:10:00","2023-2-23 18:00:00",2
607,288,2,"2023-9-21 19:40:00","2023-10-14 15:00:00",8
608,288,12,"2023-10-25 20:0:00","2023-11-6 0:00:00",2
609,289,5,"2023-8-6 15:10:00","2023-8-27 8:00:00",50
610,290,18,"2023-12-17 10:40:00","2023-12-26 19:00:00",10
611,291,18,"2023-1-7 10:50:00","2023-1-17 19:00:00",1
612,291,10,"2023-10-20 14:50:00","2023-10-25 18:00:00",2
613,291,7,"2023-11-9 0:40:00","2023-11-18 6:00:00",2
614,292,5,"2023-10-3 4:20:00","2023-10-21 17:00:00",2
615,292,2,"2023-7-1 2:50:00","2023-7-12 18:00:00",1
616,292,6,"2023-9-5 15:40:00","2023-9-9 14:00:00",2
617,293,19,"2023-4-17 9:50:00","2023-4-26 1:00:00",4
618,293,8,"2023-12-14 13:40:00","2023-12-19 19:00:00",2
619,294,3,"2023-3-25 9:20:00","2023-4-11 2:00:00",2
620,295,7,"2023-12-19 5:0:00","2024-1-3 2:00:00",16
621,295,16,"2023-6-4 17:50:00","2023-6-20 8:00:00",8
622,295,19,"2023-5-18 15:10:00","2023-6-1 19:00:00",5
623,296,16,"2023-9-27 2:0:00","2023-10-2 3:00:00",3
624,297,12,"2023-8-19 17:20:00","2023-9-9 6:00:00",4
625,297,13,"2023-6-11 7:30:00","2023-6-17 16:00:00",2
626,298,14,"2023-4-24 1:40:00","2023-5-11 17:00:00",1
627,299,18,"2023-10-22 9:20:00","2023-11-15 3:00:00",3
628,300,9,"2023-9-16 6:50:00","2023-9-24 17:00:00",2
629,301,9,"2023-10-15 8:40:00","2023-10-18 13:00:00",2
630,302,1,"2023-9-10 23:20:00","2023-9-20 22:00:00",25
631,303,8,"2023-10-7 12:10:00","2023-10-26 0:00:00",1
632,303,3,"2023-7-9 23:50:00","2023-7-22 21:00:00",3
633,304,11,"2023-1-2 5:50:00","2023-1-21 5:00:00",4
634,304,3,"2023-12-6 3:30:00","2023-12-21 6:00:00",3
635,305,8,"2023-4-7 17:20:00","2023-4-18 22:00:00",50
636,306,1,"2023-1-3 13:50:00","2023-1-19 6:00:00",7
637,306,14,"2023-11-23 1:40:00","2023-12-5 15:00:00",5
638,306,7,"2023-7-23 4:40:00","2023-8-15 6:00:00",3
639,307,9,"2023-9-28 15:50:00","2023-10-19 3:00:00",16
640,307,10,"2023-9-6 10:40:00","2023-9-23 15:00:00",8
641,308,7,"2023-9-21 12:30:00","2023-9-25 22:00:00",12
642,308,19,"2023-8-25 0:40:00","2023-9-1 4:00:00",10
643,308,3,"2023-7-22 1:30:00","2023-7-25 6:00:00",6
644,309,10,"2023-7-15 23:0:00","2023-8-5 8:00:00",2
645,309,11,"2023-5-5 14:10:00","2023-5-18 6:00:00",2
646,309,7,"2023-9-17 22:20:00","2023-9-24 14:00:00",2
647,310,2,"2023-12-19 13:0:00","2024-1-8 2:00:00",16
648,310,15,"2023-9-1 13:10:00","2023-9-14 5:00:00",2
649,310,18,"2023-12-27 19:20:00","2024-1-13 9:00:00",2
650,311,1,"2023-3-5 17:30:00","2023-3-10 13:00:00",25
651,312,15,"2023-5-1 16:10:00","2023-5-21 17:00:00",4
652,312,7,"2023-12-6 11:30:00","2023-12-17 19:00:00",16
653,312,3,"2023-9-15 21:30:00","2023-9-19 14:00:00",50
654,313,9,"2023-1-4 11:10:00","2023-1-10 18:00:00",2
655,313,7,"2023-3-7 5:40:00","2023-3-12 4:00:00",50
656,314,13,"2023-4-26 2:0:00","2023-5-10 14:00:00",3
657,314,9,"2023-1-28 15:50:00","2023-2-3 19:00:00",2
658,315,17,"2023-4-8 7:40:00","2023-4-17 2:00:00",25
659,316,2,"2023-5-20 12:20:00","2023-5-26 16:00:00",12
660,316,12,"2023-5-9 11:40:00","2023-5-17 23:00:00",2
661,317,17,"2023-4-22 18:30:00","2023-5-15 1:00:00",2
662,318,7,"2023-7-25 16:40:00","2023-8-12 18:00:00",5
663,318,18,"2023-4-21 22:20:00","2023-5-6 7:00:00",2
664,318,8,"2023-9-3 8:0:00","2023-9-19 8:00:00",25
665,319,8,"2023-4-25 3:50:00","2023-5-5 3:00:00",2
666,319,1,"2023-2-2 16:30:00","2023-2-19 10:00:00",2
667,320,2,"2023-7-11 3:40:00","2023-7-26 22:00:00",50
668,320,16,"2023-5-17 18:20:00","2023-5-20 10:00:00",3
669,321,13,"2023-12-4 15:50:00","2023-12-24 10:00:00",2
670,321,12,"2023-9-24 0:30:00","2023-9-26 12:00:00",5
671,321,15,"2023-1-22 17:0:00","2023-2-13 7:00:00",1
672,322,2,"2023-10-21 22:20:00","2023-11-11 13:00:00",2
673,323,18,"2023-2-13 4:20:00","2023-2-15 14:00:00",50
674,323,17,"2023-12-18 22:10:00","2023-12-21 4:00:00",3
675,323,10,"2023-5-18 7:40:00","2023-6-1 4:00:00",2
676,324,18,"2023-9-15 6:30:00","2023-9-20 10:00:00",2
677,324,10,"2023-3-13 6:30:00","2023-3-20 16:00:00",4
678,325,6,"2023-2-9 19:20:00","2023-3-1 5:00:00",50
679,325,17,"2023-6-7 23:30:00","2023-6-28 22:00:00",10
680,325,1,"2023-1-17 10:10:00","2023-1-28 6:00:00",2
681,326,19,"2023-5-24 9:30:00","2023-6-3 2:00:00",3
682,326,9,"2023-7-16 18:20:00","2023-7-20 16:00:00",7
683,327,5,"2023-11-4 4:50:00","2023-11-13 17:00:00",5
684,328,17,"2023-8-10 6:40:00","2023-9-2 20:00:00",4
685,328,19,"2023-6-19 12:40:00","2023-7-7 16:00:00",25
686,328,3,"2023-8-6 2:40:00","2023-8-27 11:00:00",2
687,329,8,"2023-4-11 0:20:00","2023-5-2 10:00:00",4
688,329,1,"2023-1-2 18:10:00","2023-1-14 7:00:00",2
689,329,12,"2023-7-5 4:30:00","2023-7-11 3:00:00",1
690,330,7,"2023-3-22 20:0:00","2023-4-10 16:00:00",12
691,330,9,"2023-1-28 23:30:00","2023-2-16 15:00:00",25
692,330,9,"2023-4-4 19:30:00","2023-4-23 1:00:00",4
693,331,16,"2023-5-23 15:0:00","2023-6-14 14:00:00",2
694,332,9,"2023-10-18 3:20:00","2023-10-26 22:00:00",5
695,332,11,"2023-12-6 20:30:00","2023-12-18 2:00:00",50
696,332,13,"2023-8-2 19:50:00","2023-8-21 2:00:00",1
697,333,9,"2023-11-10 10:10:00","2023-11-28 7:00:00",2
698,333,16,"2023-12-24 17:40:00","2024-1-5 11:00:00",1
699,334,19,"2023-6-8 23:40:00","2023-7-1 4:00:00",2
700,334,12,"2023-11-27 3:10:00","2023-12-20 14:00:00",3
701,334,10,"2023-10-28 14:20:00","2023-11-21 0:00:00",6
702,335,4,"2023-7-25 7:30:00","2023-7-27 1:00:00",1
703,336,6,"2023-7-22 7:20:00","2023-8-11 6:00:00",3
704,336,13,"2023-9-27 16:40:00","2023-10-9 13:00:00",10
705,336,15,"2023-11-19 2:30:00","2023-11-25 10:00:00",2
706,337,9,"2023-12-12 1:50:00","2023-12-24 21:00:00",2
707,337,7,"2023-12-7 21:40:00","2023-12-22 17:00:00",3
708,337,19,"2023-9-8 9:10:00","2023-9-28 6:00:00",8
709,338,12,"2023-2-15 18:50:00","2023-3-5 18:00:00",10
710,338,15,"2023-8-8 22:30:00","2023-8-17 5:00:00",12
711,338,13,"2023-5-5 7:50:00","2023-5-10 20:00:00",2
712,339,20,"2023-5-23 4:50:00","2023-6-5 1:00:00",12
713,340,18,"2023-4-12 9:40:00","2023-4-26 9:00:00",2
714,340,11,"2023-1-20 1:40:00","2023-2-9 23:00:00",2
715,340,5,"2023-6-25 14:20:00","2023-7-6 0:00:00",1
716,341,14,"2023-7-9 0:10:00","2023-7-12 7:00:00",2
717,341,5,"2023-2-16 11:50:00","2023-3-7 1:00:00",1
718,341,3,"2023-4-16 20:20:00","2023-5-7 7:00:00",16
719,342,16,"2023-6-14 6:50:00","2023-7-4 10:00:00",10
720,342,3,"2023-3-16 16:0:00","2023-3-26 2:00:00",4
721,342,17,"2023-5-28 12:20:00","2023-6-6 23:00:00",3
722,343,15,"2023-3-19 9:10:00","2023-3-26 19:00:00",8
723,344,19,"2023-5-15 7:0:00","2023-5-23 21:00:00",2
724,344,15,"2023-1-23 23:30:00","2023-2-12 18:00:00",2
725,344,5,"2023-5-1 4:50:00","2023-5-14 1:00:00",1
726,345,17,"2023-5-25 22:50:00","2023-6-13 20:00:00",8
727,345,4,"2023-8-8 22:20:00","2023-8-27 1:00:00",2
728,346,6,"2023-7-7 16:10:00","2023-7-26 0:00:00",2
729,346,10,"2023-6-21 15:20:00","2023-6-28 7:00:00",2
730,347,5,"2023-12-13 3:30:00","2023-12-24 3:00:00",6
731,348,13,"2023-11-1 0:30:00","2023-11-16 11:00:00",10
732,348,10,"2023-6-16 21:10:00","2023-7-6 1:00:00",1
733,348,18,"2023-7-11 21:20:00","2023-8-4 15:00:00",5
734,349,17,"2023-6-5 18:50:00","2023-6-23 13:00:00",3
735,349,4,"2023-7-13 23:10:00","2023-7-28 6:00:00",3
736,350,9,"2023-5-23 20:40:00","2023-6-12 14:00:00",1
737,351,12,"2023-11-6 8:30:00","2023-11-9 13:00:00",8
738,351,8,"2023-3-12 4:0:00","2023-4-3 22:00:00",4
739,352,9,"2023-6-24 5:50:00","2023-7-6 7:00:00",6
740,352,10,"2023-9-4 5:30:00","2023-9-12 22:00:00",5
741,352,1,"2023-11-14 21:10:00","2023-12-3 0:00:00",6
742,353,20,"2023-8-17 18:50:00","2023-9-1 22:00:00",7
743,353,14,"2023-12-14 0:30:00","2024-1-5 21:00:00",5
744,353,1,"2023-4-27 15:10:00","2023-5-6 23:00:00",2
745,354,11,"2023-10-1 5:40:00","2023-10-19 11:00:00",4
746,355,8,"2023-9-12 10:0:00","2023-10-2 3:00:00",4
747,356,16,"2023-2-21 7:20:00","2023-3-9 7:00:00",10
748,357,10,"2023-3-12 0:20:00","2023-4-4 11:00:00",2
749,357,3,"2023-7-17 11:50:00","2023-8-8 7:00:00",4
750,358,20,"2023-8-25 6:10:00","2023-9-2 16:00:00",12
751,358,6,"2023-3-11 7:50:00","2023-4-2 15:00:00",1
752,358,11,"2023-11-24 12:40:00","2023-12-11 6:00:00",2
753,359,13,"2023-4-2 6:50:00","2023-4-7 17:00:00",1
754,359,16,"2023-1-10 17:0:00","2023-1-17 16:00:00",50
755,360,9,"2023-9-22 12:40:00","2023-10-10 17:00:00",12
756,360,12,"2023-10-14 5:50:00","2023-11-7 9:00:00",12
757,361,18,"2023-8-11 14:30:00","2023-9-2 6:00:00",10
758,361,16,"2023-1-24 17:20:00","2023-2-1 22:00:00",4
759,362,6,"2023-5-3 10:50:00","2023-5-15 22:00:00",4
760,362,10,"2023-11-17 4:10:00","2023-12-7 4:00:00",25
761,363,14,"2023-12-15 14:20:00","2023-12-22 15:00:00",4
762,363,19,"2023-8-24 4:40:00","2023-9-6 21:00:00",2
763,363,10,"2023-8-3 4:50:00","2023-8-17 16:00:00",7
764,364,15,"2023-11-19 19:20:00","2023-12-3 11:00:00",2
765,364,2,"2023-8-6 15:20:00","2023-8-19 21:00:00",2
766,365,11,"2023-7-12 15:0:00","2023-8-5 5:00:00",6
767,365,4,"2023-4-16 4:30:00","2023-5-4 14:00:00",1
768,366,1,"2023-7-21 9:50:00","2023-8-14 10:00:00",2
769,367,15,"2023-9-20 2:30:00","2023-10-1 0:00:00",1
770,367,12,"2023-4-13 16:30:00","2023-5-3 20:00:00",10
771,367,2,"2023-3-14 7:10:00","2023-3-25 13:00:00",4
772,368,6,"2023-7-28 13:30:00","2023-8-20 4:00:00",3
773,368,20,"2023-12-13 18:10:00","2023-12-28 2:00:00",7
774,369,13,"2023-4-6 23:10:00","2023-4-16 1:00:00",1
775,370,3,"2023-12-7 10:0:00","2023-12-17 15:00:00",1
776,370,11,"2023-12-4 19:50:00","2023-12-17 16:00:00",1
777,370,4,"2023-5-24 0:10:00","2023-5-26 6:00:00",2
778,371,9,"2023-5-26 23:20:00","2023-6-12 12:00:00",2
779,372,17,"2023-4-10 17:50:00","2023-4-15 4:00:00",7
780,372,14,"2023-12-28 21:0:00","2024-1-17 5:00:00",2
781,372,17,"2023-7-28 6:20:00","2023-8-15 13:00:00",2
782,373,19,"2023-4-22 9:20:00","2023-5-14 3:00:00",2
783,374,1,"2023-2-16 10:20:00","2023-2-23 16:00:00",2
784,375,13,"2023-6-15 20:30:00","2023-7-5 14:00:00",16
785,375,19,"2023-10-27 22:40:00","2023-11-12 13:00:00",2
786,376,14,"2023-12-27 14:10:00","2024-1-14 19:00:00",3
787,377,17,"2023-11-18 10:0:00","2023-11-21 19:00:00",3
788,378,16,"2023-8-24 20:30:00","2023-8-28 7:00:00",1
789,378,13,"2023-10-18 0:50:00","2023-10-23 11:00:00",3
790,379,11,"2023-1-14 14:0:00","2023-1-16 2:00:00",2
791,380,13,"2023-8-7 6:20:00","2023-8-13 21:00:00",1
792,380,5,"2023-1-27 21:40:00","2023-2-5 20:00:00",7
793,381,4,"2023-7-8 1:40:00","2023-7-28 19:00:00",2
794,381,12,"2023-11-18 12:0:00","2023-12-7 3:00:00",2
795,381,3,"2023-10-11 10:50:00","2023-11-3 13:00:00",2
796,382,12,"2023-5-22 11:10:00","2023-5-25 0:00:00",6
797,382,6,"2023-2-16 3:20:00","2023-3-7 11:00:00",3
798,383,16,"2023-7-22 12:0:00","2023-7-26 1:00:00",5
799,383,1,"2023-4-16 16:10:00","2023-5-3 18:00:00",2
800,383,10,"2023-3-15 15:30:00","2023-4-6 18:00:00",2
801,384,11,"2023-3-21 1:50:00","2023-3-28 2:00:00",2
802,384,18,"2023-12-18 22:30:00","2024-1-5 3:00:00",8
803,385,15,"2023-2-27 23:30:00","2023-3-13 16:00:00",2
804,385,15,"2023-5-20 18:0:00","2023-6-10 16:00:00",1
805,385,13,"2023-8-13 8:30:00","2023-8-23 0:00:00",2
806,386,14,"2023-1-17 16:40:00","2023-2-4 4:00:00",50
807,387,6,"2023-6-11 6:40:00","2023-7-3 12:00:00",16
808,388,15,"2023-7-24 19:10:00","2023-8-2 17:00:00",10
809,388,1,"2023-4-26 17:0:00","2023-5-3 16:00:00",1
810,388,6,"2023-5-21 16:40:00","2023-6-7 3:00:00",2
811,389,18,"2023-6-23 20:50:00","2023-7-7 11:00:00",3
812,389,1,"2023-7-20 2:20:00","2023-8-1 10:00:00",12
813,389,1,"2023-3-22 15:10:00","2023-4-15 20:00:00",2
814,390,8,"2023-4-9 14:40:00","2023-4-13 2:00:00",2
815,390,5,"2023-1-19 4:40:00","2023-1-25 11:00:00",3
816,391,1,"2023-2-1 0:30:00","2023-2-14 19:00:00",2
817,392,18,"2023-6-17 14:0:00","2023-6-24 4:00:00",6
818,392,17,"2023-11-26 19:30:00","2023-12-19 20:00:00",2
819,392,20,"2023-9-3 1:40:00","2023-9-6 3:00:00",2
820,393,1,"2023-9-11 19:10:00","2023-9-22 2:00:00",4
821,393,12,"2023-12-12 4:30:00","2023-12-18 4:00:00",8
822,394,4,"2023-1-6 18:20:00","2023-1-26 16:00:00",2
823,394,20,"2023-3-2 21:50:00","2023-3-10 9:00:00",2
824,394,3,"2023-7-5 11:40:00","2023-7-7 18:00:00",2
825,395,5,"2023-6-19 19:40:00","2023-7-2 23:00:00",10
826,396,6,"2023-2-18 16:30:00","2023-3-6 11:00:00",4
827,396,6,"2023-5-14 3:10:00","2023-5-21 0:00:00",2
828,397,19,"2023-1-7 21:50:00","2023-1-15 9:00:00",2
829,398,10,"2023-1-20 11:50:00","2023-2-11 14:00:00",4
830,398,9,"2023-3-15 10:0:00","2023-4-8 19:00:00",2
831,398,5,"2023-12-4 17:0:00","2023-12-10 13:00:00",2
832,399,19,"2023-9-25 16:0:00","2023-10-18 5:00:00",2
833,400,17,"2023-4-1 22:40:00","2023-4-15 17:00:00",5
834,400,4,"2023-11-24 21:0:00","2023-12-1 9:00:00",5
835,401,17,"2023-3-5 15:40:00","2023-3-20 21:00:00",4
836,401,1,"2023-2-13 10:10:00","2023-2-16 23:00:00",5
837,401,15,"2023-2-28 8:40:00","2023-3-8 5:00:00",1
838,402,18,"2023-6-21 0:50:00","2023-6-26 12:00:00",2
839,402,1,"2023-12-1 4:20:00","2023-12-11 22:00:00",3
840,403,11,"2023-10-13 5:50:00","2023-10-15 8:00:00",2
841,403,11,"2023-11-22 11:30:00","2023-12-7 23:00:00",4
842,404,4,"2023-9-13 2:0:00","2023-10-1 19:00:00",2
843,404,7,"2023-4-5 19:40:00","2023-4-15 12:00:00",2
844,404,8,"2023-2-17 16:40:00","2023-2-23 19:00:00",4
845,405,10,"2023-8-24 5:0:00","2023-9-17 7:00:00",3
846,406,9,"2023-8-10 21:30:00","2023-8-17 8:00:00",4
847,407,7,"2023-11-28 11:40:00","2023-12-5 17:00:00",3
848,407,14,"2023-2-11 18:20:00","2023-2-14 10:00:00",8
849,408,19,"2023-6-2 22:0:00","2023-6-6 8:00:00",6
850,409,7,"2023-8-23 16:10:00","2023-9-10 3:00:00",7
851,409,9,"2023-3-22 12:50:00","2023-4-12 9:00:00",4
852,410,8,"2023-8-12 11:0:00","2023-8-20 11:00:00",2
853,410,16,"2023-7-16 5:0:00","2023-8-9 5:00:00",2
854,410,12,"2023-9-14 15:0:00","2023-9-16 5:00:00",2
855,411,18,"2023-5-21 19:0:00","2023-6-9 3:00:00",3
856,411,11,"2023-11-1 12:0:00","2023-11-18 2:00:00",4
857,412,8,"2023-8-8 0:40:00","2023-8-10 17:00:00",12
858,412,12,"2023-2-18 0:40:00","2023-3-10 16:00:00",8
859,412,9,"2023-4-21 22:40:00","2023-5-13 13:00:00",3
860,413,14,"2023-4-15 21:50:00","2023-5-3 15:00:00",1
861,413,11,"2023-9-13 22:20:00","2023-9-15 17:00:00",1
862,414,16,"2023-2-8 8:40:00","2023-2-16 3:00:00",2
863,415,18,"2023-2-25 14:20:00","2023-3-4 19:00:00",3
864,415,16,"2023-7-11 9:20:00","2023-8-1 9:00:00",2
865,416,12,"2023-3-27 14:50:00","2023-4-17 2:00:00",3
866,417,1,"2023-2-1 23:20:00","2023-2-11 6:00:00",3
867,417,11,"2023-8-17 12:40:00","2023-9-2 6:00:00",2
868,418,8,"2023-3-18 10:0:00","2023-3-27 16:00:00",8
869,419,1,"2023-9-25 22:50:00","2023-10-8 19:00:00",2
870,419,3,"2023-6-10 23:0:00","2023-6-24 20:00:00",2
871,419,1,"2023-11-9 5:20:00","2023-11-21 4:00:00",4
872,420,19,"2023-3-5 4:40:00","2023-3-10 18:00:00",2
873,421,17,"2023-11-27 22:0:00","2023-12-18 6:00:00",4
874,422,8,"2023-8-9 21:50:00","2023-8-24 19:00:00",1
875,422,16,"2023-9-17 15:20:00","2023-10-10 3:00:00",16
876,423,13,"2023-10-4 5:40:00","2023-10-11 1:00:00",8
877,424,13,"2023-2-26 21:50:00","2023-3-10 15:00:00",2
878,425,13,"2023-10-14 10:20:00","2023-11-1 15:00:00",1
879,426,6,"2023-3-26 22:50:00","2023-4-16 11:00:00",3
880,427,19,"2023-1-2 23:40:00","2023-1-8 19:00:00",10
881,428,2,"2023-5-24 22:20:00","2023-6-1 20:00:00",50
882,428,5,"2023-12-10 21:50:00","2023-12-13 20:00:00",12
883,429,11,"2023-11-26 11:0:00","2023-12-16 8:00:00",3
884,430,10,"2023-9-22 9:0:00","2023-10-14 1:00:00",50
885,430,1,"2023-2-4 2:50:00","2023-2-20 17:00:00",6
886,430,16,"2023-5-27 0:0:00","2023-6-13 14:00:00",3
887,431,9,"2023-11-2 22:30:00","2023-11-13 9:00:00",2
888,432,11,"2023-9-12 20:30:00","2023-9-27 12:00:00",3
889,432,13,"2023-9-22 0:0:00","2023-10-13 0:00:00",1
890,433,12,"2023-10-15 5:40:00","2023-11-5 23:00:00",4
891,433,5,"2023-1-8 13:0:00","2023-2-1 0:00:00",5
892,434,3,"2023-4-26 16:0:00","2023-5-12 18:00:00",4
893,434,6,"2023-5-5 20:10:00","2023-5-20 6:00:00",5
894,434,20,"2023-12-23 14:10:00","2023-12-27 20:00:00",50
895,435,12,"2023-1-6 4:20:00","2023-1-10 12:00:00",4
896,435,9,"2023-9-21 5:40:00","2023-9-26 9:00:00",7
897,436,1,"2023-3-6 12:10:00","2023-3-23 7:00:00",3
898,436,5,"2023-6-18 19:50:00","2023-7-2 6:00:00",5
899,436,7,"2023-12-6 10:50:00","2023-12-9 15:00:00",2
900,437,1,"2023-6-28 22:0:00","2023-7-10 21:00:00",5
901,438,14,"2023-6-11 5:10:00","2023-6-18 10:00:00",5
902,438,4,"2023-7-3 6:50:00","2023-7-24 12:00:00",7
903,438,2,"2023-7-7 18:20:00","2023-7-21 7:00:00",2
904,439,13,"2023-6-6 5:20:00","2023-6-15 19:00:00",1
905,439,17,"2023-7-15 10:10:00","2023-7-24 0:00:00",2
906,440,9,"2023-11-7 11:0:00","2023-11-11 2:00:00",2
907,440,17,"2023-1-20 8:10:00","2023-1-24 5:00:00",3
908,441,15,"2023-12-23 23:40:00","2024-1-8 16:00:00",2
909,441,14,"2023-10-27 4:10:00","2023-11-15 23:00:00",2
910,441,16,"2023-2-22 0:20:00","2023-3-8 15:00:00",2
911,442,19,"2023-1-8 10:30:00","2023-1-13 21:00:00",2
912,443,7,"2023-1-6 15:10:00","2023-1-10 7:00:00",5
913,443,11,"2023-11-4 23:40:00","2023-11-9 2:00:00",5
914,443,17,"2023-7-17 7:0:00","2023-8-4 22:00:00",10
915,444,10,"2023-8-4 10:30:00","2023-8-23 15:00:00",2
916,444,3,"2023-5-27 8:10:00","2023-6-19 22:00:00",1
917,445,11,"2023-10-6 3:50:00","2023-10-24 21:00:00",2
918,445,7,"2023-5-28 2:40:00","2023-6-7 10:00:00",12
919,445,5,"2023-11-24 23:40:00","2023-12-10 6:00:00",4
920,446,17,"2023-12-19 0:50:00","2023-12-25 18:00:00",2
921,446,13,"2023-2-16 20:0:00","2023-3-6 2:00:00",2
922,447,6,"2023-3-25 6:30:00","2023-4-7 6:00:00",16
923,447,1,"2023-12-6 11:50:00","2023-12-23 8:00:00",16
924,448,1,"2023-10-13 9:40:00","2023-10-19 21:00:00",5
925,449,2,"2023-12-11 22:0:00","2023-12-14 18:00:00",2
926,449,10,"2023-1-19 16:10:00","2023-2-10 7:00:00",3
927,449,12,"2023-8-27 10:0:00","2023-9-19 18:00:00",50
928,450,15,"2023-3-9 22:30:00","2023-3-19 2:00:00",8
929,450,20,"2023-4-19 17:50:00","2023-4-28 1:00:00",3
930,451,13,"2023-2-5 0:20:00","2023-2-23 5:00:00",1
931,451,9,"2023-7-18 7:40:00","2023-7-27 13:00:00",2
932,452,3,"2023-7-23 17:20:00","2023-8-5 14:00:00",2
933,453,16,"2023-4-20 15:20:00","2023-5-2 20:00:00",8
934,453,16,"2023-9-9 6:50:00","2023-9-12 1:00:00",2
935,453,9,"2023-1-12 15:20:00","2023-1-18 3:00:00",50
936,454,19,"2023-3-28 10:30:00","2023-4-12 3:00:00",4
937,454,3,"2023-1-7 12:40:00","2023-1-11 12:00:00",1
938,454,7,"2023-10-28 15:20:00","2023-11-21 4:00:00",2
939,455,18,"2023-1-15 2:30:00","2023-2-4 0:00:00",4
940,455,17,"2023-4-15 5:0:00","2023-4-23 23:00:00",6
941,456,6,"2023-12-11 18:10:00","2023-12-19 13:00:00",2
942,457,8,"2023-10-17 5:50:00","2023-10-19 16:00:00",50
943,458,15,"2023-6-28 19:40:00","2023-7-10 17:00:00",3
944,458,12,"2023-11-4 1:50:00","2023-11-14 22:00:00",8
945,459,4,"2023-10-5 7:10:00","2023-10-11 18:00:00",2
946,459,7,"2023-2-22 11:10:00","2023-3-15 18:00:00",2
947,460,7,"2023-3-4 13:0:00","2023-3-21 19:00:00",6
948,461,1,"2023-5-1 11:30:00","2023-5-12 22:00:00",1
949,461,3,"2023-7-12 15:50:00","2023-8-3 9:00:00",3
950,462,14,"2023-7-13 3:10:00","2023-7-26 15:00:00",2
951,462,19,"2023-9-16 21:50:00","2023-9-19 8:00:00",1
952,462,10,"2023-4-26 1:20:00","2023-5-15 14:00:00",2
953,463,20,"2023-1-23 3:10:00","2023-2-8 2:00:00",2
954,463,12,"2023-6-28 7:0:00","2023-7-9 20:00:00",4
955,463,14,"2023-7-12 15:0:00","2023-7-25 10:00:00",8
956,464,1,"2023-8-1 1:10:00","2023-8-18 3:00:00",3
957,464,7,"2023-3-24 22:20:00","2023-4-16 16:00:00",2
958,464,19,"2023-1-11 11:40:00","2023-1-28 15:00:00",12
959,465,5,"2023-10-2 14:0:00","2023-10-10 18:00:00",3
960,465,8,"2023-5-16 18:0:00","2023-5-28 13:00:00",2
961,465,16,"2023-2-23 22:0:00","2023-3-10 7:00:00",16
962,466,5,"2023-8-10 23:40:00","2023-8-28 14:00:00",4
963,466,6,"2023-2-16 22:10:00","2023-2-22 17:00:00",2
964,467,12,"2023-2-17 17:10:00","2023-2-21 22:00:00",10
965,467,20,"2023-6-2 0:20:00","2023-6-10 22:00:00",7
966,467,8,"2023-1-15 5:50:00","2023-2-7 19:00:00",6
967,468,10,"2023-3-13 4:50:00","2023-3-16 12:00:00",16
968,468,7,"2023-1-4 0:0:00","2023-1-20 13:00:00",8
